E-Mail-Adresse;Passwort
;wG0FixPe
angele.edgecumbe@edu.tbz.ch;eLTvzEF1
zhi.andreasson@edu.tbz.ch;A0EQKXS2
judicael.koppeck@edu.tbz.ch;kTyT2xOm
berengere.capron@edu.tbz.ch;juqKKG61
leonie.brosini@edu.tbz.ch;05ylavfP
venus.garfit@edu.tbz.ch;W2T5V8GS
melina.janota@edu.tbz.ch;YYX1WO9w
laurene.bake@edu.tbz.ch;x3WdwAJD
regine.dorkins@edu.tbz.ch;cGZnYFtt
cecile.moffet@edu.tbz.ch;iXJpvPfS
maelann.labrone@edu.tbz.ch;YgRxUMf2
melinda.newbold@edu.tbz.ch;HXIfA0zJ
mans.itzhak@edu.tbz.ch;p14WVyXJ
melodie.pattlel@edu.tbz.ch;k3GjAxGc
celine.bonett@edu.tbz.ch;ApQpbGg0
adelie.mcgreal@edu.tbz.ch;7ShZbqDq
helene.soldan@edu.tbz.ch;N4eU2QhW
michele.cluer@edu.tbz.ch;kl7dZ7AC
maeline.mueller@edu.tbz.ch;nCWmgtf6
maelann.benedito@edu.tbz.ch;1rVfyvqB
nuo.gransden@edu.tbz.ch;gkbS2bVp
berengere.stainton@edu.tbz.ch;bo4GflC3
wa.sabater@edu.tbz.ch;PAQJV50d
anais.cochran@edu.tbz.ch;b7UGxVGn
gerald.bessant@edu.tbz.ch;s92GyYiK
ruo.coffin@edu.tbz.ch;NmNVhitk
melodie.mustill@edu.tbz.ch;Osal8rsg
ruo.stanesby@edu.tbz.ch;XUPGfqVq
noemie.antognelli@edu.tbz.ch;SusvKVs0
maelann.hughson@edu.tbz.ch;4u0HOhEQ
milena.mieville@edu.tbz.ch;lpEPoh43
mailys.chamberlin@edu.tbz.ch;DgjVUa1K
nadege.tomalin@edu.tbz.ch;6krwlG3I
;4QYXFomE
cecile.aguirrezabala@edu.tbz.ch;1yJGE89O
maella.gwillim@edu.tbz.ch;sLwzIVsm
lea.mcgahey@edu.tbz.ch;JZ5NFwoC
laurene.hagerty@edu.tbz.ch;eMMtoEoN
dorothee.link@edu.tbz.ch;KWqTPvOc
clementine.kynsey@edu.tbz.ch;7UD3v6JU
lorene.smitherman@edu.tbz.ch;FtM6cQGt
cleopatre.klulicek@edu.tbz.ch;YmO21I8H
laurene.castaneda@edu.tbz.ch;hz6PRTC5
melia.constant@edu.tbz.ch;DSg4VUUU
lucrece.clunie@edu.tbz.ch;EbpjsPBB
eleonore.mcmurthy@edu.tbz.ch;DcjAdmGN
melia.bevar@edu.tbz.ch;mNHjiN8L
camelia.bontine@edu.tbz.ch;Fg8xEOtB
methode.jozefczak@edu.tbz.ch;7xkATndm
audreanne.hinsche@edu.tbz.ch;ACSV1wPY
andree.varne@edu.tbz.ch;qkdUjZTZ
marten.kinleyside@edu.tbz.ch;ABd7q7Jn
esteve.mcewan@edu.tbz.ch;voBhKrZ0
leane.dibbert@edu.tbz.ch;x7S4s9Iw
ma.thewlis@edu.tbz.ch;AonIp0Vq
clea.djurkovic@edu.tbz.ch;vyjhACB0
rachele.reburn@edu.tbz.ch;LNaclxme
gerald.gowling@edu.tbz.ch;OVtvtR04
