E-Mail-Adresse;Passwort
;ILNZw8BI
angele.edgecumbe@edu.tbz.ch;s7xT93tm
zhi.andreasson@edu.tbz.ch;qPl6dY6G
judicael.koppeck@edu.tbz.ch;YzybNZFL
berengere.capron@edu.tbz.ch;gzgUyowY
leonie.brosini@edu.tbz.ch;qWu3hc6O
venus.garfit@edu.tbz.ch;JY9JtGRp
melina.janota@edu.tbz.ch;TKipzFQd
laurene.bake@edu.tbz.ch;gFJl0CF1
regine.dorkins@edu.tbz.ch;MYRnd25w
cecile.moffet@edu.tbz.ch;sGeZfvSd
maelann.labrone@edu.tbz.ch;DCp6uoHg
melinda.newbold@edu.tbz.ch;ck4c8RbF
mans.itzhak@edu.tbz.ch;yYIM8d8V
melodie.pattlel@edu.tbz.ch;WkpOexWw
celine.bonett@edu.tbz.ch;C5sdBK8W
adelie.mcgreal@edu.tbz.ch;3db0V138
helene.soldan@edu.tbz.ch;Zp4teyWC
michele.cluer@edu.tbz.ch;Dbu67DCj
maeline.mueller@edu.tbz.ch;gVrwDNrh
maelann.benedito@edu.tbz.ch;aSJyLRmk
nuo.gransden@edu.tbz.ch;jREzguI8
berengere.stainton@edu.tbz.ch;Qw7gDNJy
wa.sabater@edu.tbz.ch;bBTEU7fz
anais.cochran@edu.tbz.ch;0fyvWt6N
gerald.bessant@edu.tbz.ch;oHG1E0uO
ruo.coffin@edu.tbz.ch;XeDldX5l
melodie.mustill@edu.tbz.ch;lP5yxh0i
ruo.stanesby@edu.tbz.ch;Izs72t5s
noemie.antognelli@edu.tbz.ch;O306FCax
maelann.hughson@edu.tbz.ch;mAykSLBb
milena.mieville@edu.tbz.ch;QQKH3ks9
mailys.chamberlin@edu.tbz.ch;muli855k
nadege.tomalin@edu.tbz.ch;f5snOSC5
;Jh3UPnAz
cecile.aguirrezabala@edu.tbz.ch;lrY1WWdz
maella.gwillim@edu.tbz.ch;abOJeyhx
lea.mcgahey@edu.tbz.ch;cQQLjFNh
laurene.hagerty@edu.tbz.ch;Ddz5I8rf
dorothee.link@edu.tbz.ch;cfCJAGNW
clementine.kynsey@edu.tbz.ch;HRbUKvYw
lorene.smitherman@edu.tbz.ch;ntXbrxbW
cleopatre.klulicek@edu.tbz.ch;lHXiAjWV
laurene.castaneda@edu.tbz.ch;pHEfve7W
melia.constant@edu.tbz.ch;4cFXDhVJ
lucrece.clunie@edu.tbz.ch;DQq4ne2D
eleonore.mcmurthy@edu.tbz.ch;5r4o5N3s
melia.bevar@edu.tbz.ch;SQASYkrD
camelia.bontine@edu.tbz.ch;0vjwFSya
methode.jozefczak@edu.tbz.ch;TenpsWBX
audreanne.hinsche@edu.tbz.ch;LujdfHih
andree.varne@edu.tbz.ch;evway0FI
marten.kinleyside@edu.tbz.ch;53eyTYFe
esteve.mcewan@edu.tbz.ch;KGcoZaEK
leane.dibbert@edu.tbz.ch;u7FhNtWv
ma.thewlis@edu.tbz.ch;ii4qSfan
clea.djurkovic@edu.tbz.ch;WPhjq1FC
rachele.reburn@edu.tbz.ch;goPfb6km
gerald.gowling@edu.tbz.ch;8qGRqK7A
