E-Mail-Adresse;Passwort
;Sv14kxNg
angele.edgecumbe@edu.tbz.ch;jHyELywU
zhi.andreasson@edu.tbz.ch;xtcClcTo
judicael.koppeck@edu.tbz.ch;Xx9MW0Fx
berengere.capron@edu.tbz.ch;VhvzfFR8
leonie.brosini@edu.tbz.ch;y0wKFQoz
venus.garfit@edu.tbz.ch;PWuoiaY5
melina.janota@edu.tbz.ch;xO5cbXb2
laurene.bake@edu.tbz.ch;dVQbiGC0
regine.dorkins@edu.tbz.ch;4gOgnMtp
cecile.moffet@edu.tbz.ch;XjbOVCdd
maelann.labrone@edu.tbz.ch;g9Q8OwfQ
melinda.newbold@edu.tbz.ch;XBju7Hfx
mans.itzhak@edu.tbz.ch;CnDGK3Wo
melodie.pattlel@edu.tbz.ch;wgLtTt36
celine.bonett@edu.tbz.ch;85UXHaxo
adelie.mcgreal@edu.tbz.ch;xMnDfko9
helene.soldan@edu.tbz.ch;vcoVAYYT
michele.cluer@edu.tbz.ch;ONX0canO
maeline.mueller@edu.tbz.ch;yECiTpDp
maelann.benedito@edu.tbz.ch;aCFW66el
nuo.gransden@edu.tbz.ch;DB9MPgmo
berengere.stainton@edu.tbz.ch;LDIptYVo
wa.sabater@edu.tbz.ch;yJAldiNd
anais.cochran@edu.tbz.ch;h4djs7r4
gerald.bessant@edu.tbz.ch;tPHuOdwC
ruo.coffin@edu.tbz.ch;HWMfqXC0
melodie.mustill@edu.tbz.ch;fVQBJQ3d
ruo.stanesby@edu.tbz.ch;uLmEEqSi
noemie.antognelli@edu.tbz.ch;O6Gr6FeP
maelann.hughson@edu.tbz.ch;M4kzQayG
milena.mieville@edu.tbz.ch;xM38NHxl
mailys.chamberlin@edu.tbz.ch;oFh5V0CH
nadege.tomalin@edu.tbz.ch;Y8lSSq1U
;CQEn9arq
cecile.aguirrezabala@edu.tbz.ch;4zS5fLaH
maella.gwillim@edu.tbz.ch;r0l5TWLc
lea.mcgahey@edu.tbz.ch;wtPz6zPm
laurene.hagerty@edu.tbz.ch;lzWTVRA8
dorothee.link@edu.tbz.ch;tbUfPLdY
clementine.kynsey@edu.tbz.ch;NfzLR6ck
lorene.smitherman@edu.tbz.ch;QPncherM
cleopatre.klulicek@edu.tbz.ch;LzR3jkgW
laurene.castaneda@edu.tbz.ch;wC9NN2P6
melia.constant@edu.tbz.ch;lCGQFAjZ
lucrece.clunie@edu.tbz.ch;T3pJSHZH
eleonore.mcmurthy@edu.tbz.ch;zhKJyX9X
melia.bevar@edu.tbz.ch;rOEfK6Bc
camelia.bontine@edu.tbz.ch;9yRucHEn
methode.jozefczak@edu.tbz.ch;h2eW696T
audreanne.hinsche@edu.tbz.ch;gKvQuLvu
andree.varne@edu.tbz.ch;0Y5puk9D
marten.kinleyside@edu.tbz.ch;8kvgFK7O
esteve.mcewan@edu.tbz.ch;ejBiFKal
leane.dibbert@edu.tbz.ch;N8DjJbK8
ma.thewlis@edu.tbz.ch;6x5uI7T4
clea.djurkovic@edu.tbz.ch;MW0PYOg3
rachele.reburn@edu.tbz.ch;2sm9Bt8l
gerald.gowling@edu.tbz.ch;uzM7f9AV
