E-Mail-Adresse;Passwort
;MUXl6hEv
angele.edgecumbe@edu.tbz.ch;2VumnB4Z
zhi.andreasson@edu.tbz.ch;msTIiGjv
judicael.koppeck@edu.tbz.ch;DO2sRCJJ
berengere.capron@edu.tbz.ch;VmuBFXZx
leonie.brosini@edu.tbz.ch;lukvr1JF
venus.garfit@edu.tbz.ch;bxowEuBI
melina.janota@edu.tbz.ch;WHUAU4wL
laurene.bake@edu.tbz.ch;NZ7gcS13
regine.dorkins@edu.tbz.ch;PDHVLoft
cecile.moffet@edu.tbz.ch;IkaL0tNw
maelann.labrone@edu.tbz.ch;ujVnuMol
melinda.newbold@edu.tbz.ch;ggMWqGeH
mans.itzhak@edu.tbz.ch;fIV9rILx
melodie.pattlel@edu.tbz.ch;smlUKh5w
celine.bonett@edu.tbz.ch;ryY3xZcy
adelie.mcgreal@edu.tbz.ch;yCNdgtUu
helene.soldan@edu.tbz.ch;mvjwOucI
michele.cluer@edu.tbz.ch;P5CeFhgY
maeline.mueller@edu.tbz.ch;YcVLZvQj
maelann.benedito@edu.tbz.ch;haVbuzwA
nuo.gransden@edu.tbz.ch;E19FEc3W
berengere.stainton@edu.tbz.ch;rByJLvWz
wa.sabater@edu.tbz.ch;EHNhApD8
anais.cochran@edu.tbz.ch;LRN89UQ9
gerald.bessant@edu.tbz.ch;GN4jlbd7
ruo.coffin@edu.tbz.ch;kBkCLfEE
melodie.mustill@edu.tbz.ch;rKCicQ9g
ruo.stanesby@edu.tbz.ch;WoMuBvmi
noemie.antognelli@edu.tbz.ch;Z3UiIPwR
maelann.hughson@edu.tbz.ch;A6y4otOE
milena.mieville@edu.tbz.ch;Vv9ccFvq
mailys.chamberlin@edu.tbz.ch;O5TlyqG5
nadege.tomalin@edu.tbz.ch;aex2eQ7Z
;S1YHmdAN
cecile.aguirrezabala@edu.tbz.ch;Js6KyzLf
maella.gwillim@edu.tbz.ch;4BHUzzNv
lea.mcgahey@edu.tbz.ch;bNIfSWAS
laurene.hagerty@edu.tbz.ch;l27pVLJl
dorothee.link@edu.tbz.ch;B57ixCFf
clementine.kynsey@edu.tbz.ch;77ivLHsI
lorene.smitherman@edu.tbz.ch;U5hJXIMV
cleopatre.klulicek@edu.tbz.ch;B9u5FpmU
laurene.castaneda@edu.tbz.ch;fpXbNOCl
melia.constant@edu.tbz.ch;rdylz0YE
lucrece.clunie@edu.tbz.ch;nSA2U21x
eleonore.mcmurthy@edu.tbz.ch;PNjKBETo
melia.bevar@edu.tbz.ch;Nd1vh2Tk
camelia.bontine@edu.tbz.ch;hSdasraw
methode.jozefczak@edu.tbz.ch;NAzu1RZA
audreanne.hinsche@edu.tbz.ch;LH7Ba94x
andree.varne@edu.tbz.ch;TMGhU7cO
marten.kinleyside@edu.tbz.ch;ZK2vycdK
esteve.mcewan@edu.tbz.ch;LQ7tVdZR
leane.dibbert@edu.tbz.ch;FcWEnNcT
ma.thewlis@edu.tbz.ch;N4eNKUBm
clea.djurkovic@edu.tbz.ch;s1N4qaqi
rachele.reburn@edu.tbz.ch;CIPqM8Hg
gerald.gowling@edu.tbz.ch;SKss6Weh
