E-Mail-Adresse;Passwort
;4MMyydOq
angele.edgecumbe@edu.tbz.ch;F5AR3dq1
zhi.andreasson@edu.tbz.ch;faToimTj
judicael.koppeck@edu.tbz.ch;4QMFoZcI
berengere.capron@edu.tbz.ch;hGUWji6N
leonie.brosini@edu.tbz.ch;nPeWvJy4
venus.garfit@edu.tbz.ch;VIWbVJ02
melina.janota@edu.tbz.ch;rI1QmwVI
laurene.bake@edu.tbz.ch;Aw2KFniH
regine.dorkins@edu.tbz.ch;proXVauG
cecile.moffet@edu.tbz.ch;vIpiHB3Y
maelann.labrone@edu.tbz.ch;1KtZ6STg
melinda.newbold@edu.tbz.ch;IjeJ7ggS
mans.itzhak@edu.tbz.ch;qItufnaa
melodie.pattlel@edu.tbz.ch;ixshZmur
celine.bonett@edu.tbz.ch;Gn8XZjyR
adelie.mcgreal@edu.tbz.ch;9EvCuvMJ
helene.soldan@edu.tbz.ch;kUxkZa2j
michele.cluer@edu.tbz.ch;lAAqwxow
maeline.mueller@edu.tbz.ch;2ftd3M1V
maelann.benedito@edu.tbz.ch;h6AGTPfI
nuo.gransden@edu.tbz.ch;PB7KYPhi
berengere.stainton@edu.tbz.ch;YVONapn4
wa.sabater@edu.tbz.ch;Ujs4IMf2
anais.cochran@edu.tbz.ch;3yfBwBNV
gerald.bessant@edu.tbz.ch;bUOspxRv
ruo.coffin@edu.tbz.ch;YuIKgcAU
melodie.mustill@edu.tbz.ch;71g95n79
ruo.stanesby@edu.tbz.ch;1yLqHZkv
noemie.antognelli@edu.tbz.ch;RC4wOPcW
maelann.hughson@edu.tbz.ch;20QoQ2eE
milena.mieville@edu.tbz.ch;RJq7Cm55
mailys.chamberlin@edu.tbz.ch;ouKjZUnr
nadege.tomalin@edu.tbz.ch;O4zQM1ku
;DVONwG43
cecile.aguirrezabala@edu.tbz.ch;QSUCNSMN
maella.gwillim@edu.tbz.ch;rgeaR9k1
lea.mcgahey@edu.tbz.ch;jWwYsauG
laurene.hagerty@edu.tbz.ch;s7aeqo8d
dorothee.link@edu.tbz.ch;xhYuZLxN
clementine.kynsey@edu.tbz.ch;rn2b1KhI
lorene.smitherman@edu.tbz.ch;vJilTjo1
cleopatre.klulicek@edu.tbz.ch;9gpASh5A
laurene.castaneda@edu.tbz.ch;xwxf9Gnw
melia.constant@edu.tbz.ch;P5CvffEi
lucrece.clunie@edu.tbz.ch;GDtkQ0sX
eleonore.mcmurthy@edu.tbz.ch;lilWo4KK
melia.bevar@edu.tbz.ch;O5dMDWkF
camelia.bontine@edu.tbz.ch;r6OCZz3E
methode.jozefczak@edu.tbz.ch;yzluYn4g
audreanne.hinsche@edu.tbz.ch;kH2ERKOB
andree.varne@edu.tbz.ch;w8RUxrrH
marten.kinleyside@edu.tbz.ch;YqLBtSQx
esteve.mcewan@edu.tbz.ch;7ZHZfbFd
leane.dibbert@edu.tbz.ch;Su2H0DUb
ma.thewlis@edu.tbz.ch;qvWMOw9B
clea.djurkovic@edu.tbz.ch;iUp3Ogu5
rachele.reburn@edu.tbz.ch;RecE61Zc
gerald.gowling@edu.tbz.ch;Bwi3TCt8
