E-Mail-Adresse;Passwort
;6kfKrxmr
angele.edgecumbe@edu.tbz.ch;L2CKtJOa
zhi.andreasson@edu.tbz.ch;jp0igZ5A
judicael.koppeck@edu.tbz.ch;v9k4bEdE
berengere.capron@edu.tbz.ch;klXEN89N
leonie.brosini@edu.tbz.ch;GPES1JBL
venus.garfit@edu.tbz.ch;NyPtc9zF
melina.janota@edu.tbz.ch;cHL7xd56
laurene.bake@edu.tbz.ch;HDLcY7H2
regine.dorkins@edu.tbz.ch;czNpaz7k
cecile.moffet@edu.tbz.ch;TtTvKj0s
maelann.labrone@edu.tbz.ch;6rNGLAZ1
melinda.newbold@edu.tbz.ch;QR8PFAuF
mans.itzhak@edu.tbz.ch;MOGEi8UK
melodie.pattlel@edu.tbz.ch;7Hry0iPg
celine.bonett@edu.tbz.ch;TV6WfcGP
adelie.mcgreal@edu.tbz.ch;e2eswfta
helene.soldan@edu.tbz.ch;x616x4Fa
michele.cluer@edu.tbz.ch;8ahtpivY
maeline.mueller@edu.tbz.ch;1VG3ws23
maelann.benedito@edu.tbz.ch;8shRy3qb
nuo.gransden@edu.tbz.ch;Tw6wkiMA
berengere.stainton@edu.tbz.ch;gNXtdHci
wa.sabater@edu.tbz.ch;V1G3iCgi
anais.cochran@edu.tbz.ch;uvCMgU9t
gerald.bessant@edu.tbz.ch;Nhdm0nLC
ruo.coffin@edu.tbz.ch;qJExFOBc
melodie.mustill@edu.tbz.ch;lVdAknX3
ruo.stanesby@edu.tbz.ch;Imc4VGpn
noemie.antognelli@edu.tbz.ch;TqkVzcI5
maelann.hughson@edu.tbz.ch;QxJQ8glc
milena.mieville@edu.tbz.ch;TKt2hn2u
mailys.chamberlin@edu.tbz.ch;CZblqIUw
nadege.tomalin@edu.tbz.ch;ltFP0Io5
;xpSzC9q0
cecile.aguirrezabala@edu.tbz.ch;KhNEyzmD
maella.gwillim@edu.tbz.ch;QAB5bl6t
lea.mcgahey@edu.tbz.ch;oBx0OaPD
laurene.hagerty@edu.tbz.ch;lS4PQXyf
dorothee.link@edu.tbz.ch;X69R3CBH
clementine.kynsey@edu.tbz.ch;Po8jlpkA
lorene.smitherman@edu.tbz.ch;Lv2d96UD
cleopatre.klulicek@edu.tbz.ch;1k3twvvg
laurene.castaneda@edu.tbz.ch;yuXBllOd
melia.constant@edu.tbz.ch;XIdZGcGm
lucrece.clunie@edu.tbz.ch;XGTtsXhO
eleonore.mcmurthy@edu.tbz.ch;3lIfhWBM
melia.bevar@edu.tbz.ch;qgpI9LAD
camelia.bontine@edu.tbz.ch;kcES53Vn
methode.jozefczak@edu.tbz.ch;ogeFU0x5
audreanne.hinsche@edu.tbz.ch;8To9hs35
andree.varne@edu.tbz.ch;xu5ZP0Kq
marten.kinleyside@edu.tbz.ch;6TB9pvhU
esteve.mcewan@edu.tbz.ch;0dk4TVg2
leane.dibbert@edu.tbz.ch;yymk0bG0
ma.thewlis@edu.tbz.ch;yuXinz8v
clea.djurkovic@edu.tbz.ch;hpJodktY
rachele.reburn@edu.tbz.ch;9J8etMdn
gerald.gowling@edu.tbz.ch;EZlSH9uo
