E-Mail-Adresse;Passwort
;LPtOVp6T
angele.edgecumbe@edu.tbz.ch;BmypOnxm
zhi.andreasson@edu.tbz.ch;i0hr7FxL
judicael.koppeck@edu.tbz.ch;tlFJ7cbo
berengere.capron@edu.tbz.ch;BxIUrQe2
leonie.brosini@edu.tbz.ch;f5h1JaFT
venus.garfit@edu.tbz.ch;1pUwlyhd
melina.janota@edu.tbz.ch;LLTqYVjb
laurene.bake@edu.tbz.ch;TqLh5NgK
regine.dorkins@edu.tbz.ch;hJBlwK7K
cecile.moffet@edu.tbz.ch;lKlfJw8o
maelann.labrone@edu.tbz.ch;Hb3W2NUy
melinda.newbold@edu.tbz.ch;pATyGC2e
mans.itzhak@edu.tbz.ch;UnTY37vk
melodie.pattlel@edu.tbz.ch;0kjwX937
celine.bonett@edu.tbz.ch;7HTw4ZHq
adelie.mcgreal@edu.tbz.ch;dd9FZnz8
helene.soldan@edu.tbz.ch;GJYW5dvL
michele.cluer@edu.tbz.ch;jFiIle9d
maeline.mueller@edu.tbz.ch;r4qNYzl7
maelann.benedito@edu.tbz.ch;lvjlERvy
nuo.gransden@edu.tbz.ch;jqKYfPP4
berengere.stainton@edu.tbz.ch;UWbGD4B1
wa.sabater@edu.tbz.ch;xXdv8Unb
anais.cochran@edu.tbz.ch;c2K3kYA8
gerald.bessant@edu.tbz.ch;4HPGMid2
ruo.coffin@edu.tbz.ch;vuORdFgs
melodie.mustill@edu.tbz.ch;VYktLJ4T
ruo.stanesby@edu.tbz.ch;cHDUk0op
noemie.antognelli@edu.tbz.ch;RgklgAfW
maelann.hughson@edu.tbz.ch;q9C9ohSc
milena.mieville@edu.tbz.ch;BuhaDkaC
mailys.chamberlin@edu.tbz.ch;BF60tcpU
nadege.tomalin@edu.tbz.ch;Muf9g1RW
;vzvO60bn
cecile.aguirrezabala@edu.tbz.ch;fpWo5ICV
maella.gwillim@edu.tbz.ch;bkgcqEoX
lea.mcgahey@edu.tbz.ch;7ZTJWpKq
laurene.hagerty@edu.tbz.ch;ahJuFTYj
dorothee.link@edu.tbz.ch;CNuARro4
clementine.kynsey@edu.tbz.ch;Sa6N1Ktl
lorene.smitherman@edu.tbz.ch;rCJDSozR
cleopatre.klulicek@edu.tbz.ch;QqdS8H3I
laurene.castaneda@edu.tbz.ch;jPAE2EKf
melia.constant@edu.tbz.ch;KUze0hay
lucrece.clunie@edu.tbz.ch;AvvmDvjr
eleonore.mcmurthy@edu.tbz.ch;orJzsq1A
melia.bevar@edu.tbz.ch;XN2hEdql
camelia.bontine@edu.tbz.ch;qLSdeSWO
methode.jozefczak@edu.tbz.ch;iDA2SaAp
audreanne.hinsche@edu.tbz.ch;VGjB4xhd
andree.varne@edu.tbz.ch;m7YGO9DB
marten.kinleyside@edu.tbz.ch;HxTKuAeq
esteve.mcewan@edu.tbz.ch;o1Lx48z6
leane.dibbert@edu.tbz.ch;NgBMi9Kx
ma.thewlis@edu.tbz.ch;IqOg6UtY
clea.djurkovic@edu.tbz.ch;vgAqUeTY
rachele.reburn@edu.tbz.ch;gJoV63ab
gerald.gowling@edu.tbz.ch;vMz2KhS9
