E-Mail-Adresse;Passwort
;OxWSimb2
angele.edgecumbe@edu.tbz.ch;iGDC85ro
zhi.andreasson@edu.tbz.ch;wb2LlDJc
judicael.koppeck@edu.tbz.ch;3fpNu57A
berengere.capron@edu.tbz.ch;AcuKN5iy
leonie.brosini@edu.tbz.ch;XJm4H01N
venus.garfit@edu.tbz.ch;DeIhCqOY
melina.janota@edu.tbz.ch;ITFMdKqD
laurene.bake@edu.tbz.ch;7BPRCaQi
regine.dorkins@edu.tbz.ch;z3cmcjis
cecile.moffet@edu.tbz.ch;nB4Z1Rqd
maelann.labrone@edu.tbz.ch;Givsumq5
melinda.newbold@edu.tbz.ch;OQJLSqJx
mans.itzhak@edu.tbz.ch;EBxJFtlP
melodie.pattlel@edu.tbz.ch;RC2WuMDB
celine.bonett@edu.tbz.ch;5MONv8vY
adelie.mcgreal@edu.tbz.ch;S2TxFnQN
helene.soldan@edu.tbz.ch;t8cgEScj
michele.cluer@edu.tbz.ch;KalzBwSR
maeline.mueller@edu.tbz.ch;9zWZIqO9
maelann.benedito@edu.tbz.ch;o8PVmqtw
nuo.gransden@edu.tbz.ch;z6WpMfxq
berengere.stainton@edu.tbz.ch;BhOT5Zyx
wa.sabater@edu.tbz.ch;4NzjVdvr
anais.cochran@edu.tbz.ch;ftAqCy5G
gerald.bessant@edu.tbz.ch;HScCGWc6
ruo.coffin@edu.tbz.ch;dMGTGQIH
melodie.mustill@edu.tbz.ch;COhfm8bJ
ruo.stanesby@edu.tbz.ch;p9iLjbq3
noemie.antognelli@edu.tbz.ch;WuFrCFXN
maelann.hughson@edu.tbz.ch;sWo5f4op
milena.mieville@edu.tbz.ch;jL5a8lPK
mailys.chamberlin@edu.tbz.ch;OkE8EbPP
nadege.tomalin@edu.tbz.ch;i1QaH507
;TTVUARIw
cecile.aguirrezabala@edu.tbz.ch;4pmE0NQB
maella.gwillim@edu.tbz.ch;6yHF1KZf
lea.mcgahey@edu.tbz.ch;BGbHY9DY
laurene.hagerty@edu.tbz.ch;powVWcfE
dorothee.link@edu.tbz.ch;bBtXwAlh
clementine.kynsey@edu.tbz.ch;mUjylcq5
lorene.smitherman@edu.tbz.ch;HdJwmBLK
cleopatre.klulicek@edu.tbz.ch;OuW5vLTI
laurene.castaneda@edu.tbz.ch;o9alAvSa
melia.constant@edu.tbz.ch;auedQ6Vv
lucrece.clunie@edu.tbz.ch;gCNO4do1
eleonore.mcmurthy@edu.tbz.ch;wpYzAy3A
melia.bevar@edu.tbz.ch;GrMWntAD
camelia.bontine@edu.tbz.ch;1OCKyoxE
methode.jozefczak@edu.tbz.ch;PSvcrxaN
audreanne.hinsche@edu.tbz.ch;VKeQPRZA
andree.varne@edu.tbz.ch;tVlG9vat
marten.kinleyside@edu.tbz.ch;Zb631Ac3
esteve.mcewan@edu.tbz.ch;7W1yMa4K
leane.dibbert@edu.tbz.ch;iYSo8oIN
ma.thewlis@edu.tbz.ch;vKgcNbaV
clea.djurkovic@edu.tbz.ch;sWNy6zl9
rachele.reburn@edu.tbz.ch;xzb4OzEQ
gerald.gowling@edu.tbz.ch;PXLXxGWI
