E-Mail-Adresse;Passwort
;106j96si
angele.edgecumbe@edu.tbz.ch;D6or6MoR
zhi.andreasson@edu.tbz.ch;NSrjRNNU
judicael.koppeck@edu.tbz.ch;GOq33PS7
berengere.capron@edu.tbz.ch;6b34EZW6
leonie.brosini@edu.tbz.ch;C0RJFLS3
venus.garfit@edu.tbz.ch;Lx9PriE8
melina.janota@edu.tbz.ch;PMmCf3nh
laurene.bake@edu.tbz.ch;ZJMSwsIt
regine.dorkins@edu.tbz.ch;UjRLF1ya
cecile.moffet@edu.tbz.ch;oyUeAdkA
maelann.labrone@edu.tbz.ch;fdDoAZ0w
melinda.newbold@edu.tbz.ch;75KoaxHf
mans.itzhak@edu.tbz.ch;PWOkXh7o
melodie.pattlel@edu.tbz.ch;iC3N8cLM
celine.bonett@edu.tbz.ch;i1aHtwtP
adelie.mcgreal@edu.tbz.ch;D1tOflnK
helene.soldan@edu.tbz.ch;0Bht7Nls
michele.cluer@edu.tbz.ch;PAkEDQjH
maeline.mueller@edu.tbz.ch;u7NXeLii
maelann.benedito@edu.tbz.ch;2ZLU6CgO
nuo.gransden@edu.tbz.ch;7WzKVPqk
berengere.stainton@edu.tbz.ch;BZ26OmJT
wa.sabater@edu.tbz.ch;o8Q728RL
anais.cochran@edu.tbz.ch;sOI312OX
gerald.bessant@edu.tbz.ch;MxgM35HQ
ruo.coffin@edu.tbz.ch;kNowVjvb
melodie.mustill@edu.tbz.ch;htiZ31vn
ruo.stanesby@edu.tbz.ch;N7xzQ81B
noemie.antognelli@edu.tbz.ch;vOgqu9xR
maelann.hughson@edu.tbz.ch;Kkxio9fV
milena.mieville@edu.tbz.ch;bCrzcjUX
mailys.chamberlin@edu.tbz.ch;yTk0Vbnt
nadege.tomalin@edu.tbz.ch;NMR1SlRW
;aJnKkGXV
cecile.aguirrezabala@edu.tbz.ch;ReGMswUA
maella.gwillim@edu.tbz.ch;8G6vsoXO
lea.mcgahey@edu.tbz.ch;qTmRUuxD
laurene.hagerty@edu.tbz.ch;5gUQoQsA
dorothee.link@edu.tbz.ch;8Wpf7WMX
clementine.kynsey@edu.tbz.ch;MwMdBEmi
lorene.smitherman@edu.tbz.ch;5d2LcX0M
cleopatre.klulicek@edu.tbz.ch;lNZdSzPO
laurene.castaneda@edu.tbz.ch;QbVIg3ue
melia.constant@edu.tbz.ch;OJMDmLnL
lucrece.clunie@edu.tbz.ch;BcTWoZgk
eleonore.mcmurthy@edu.tbz.ch;WiSHEuNV
melia.bevar@edu.tbz.ch;rKu40f8K
camelia.bontine@edu.tbz.ch;JmJqKNes
methode.jozefczak@edu.tbz.ch;p8zCStFy
audreanne.hinsche@edu.tbz.ch;QRBsE3b8
andree.varne@edu.tbz.ch;bWUE8gk0
marten.kinleyside@edu.tbz.ch;xhswVtOr
esteve.mcewan@edu.tbz.ch;hMMCA1pn
leane.dibbert@edu.tbz.ch;McXG2APS
ma.thewlis@edu.tbz.ch;f62H5j82
clea.djurkovic@edu.tbz.ch;XfVxmY91
rachele.reburn@edu.tbz.ch;wULougCT
gerald.gowling@edu.tbz.ch;Jnq6v3t5
