E-Mail-Adresse;Passwort
;2R7U3mna
angele.edgecumbe@edu.tbz.ch;f3Io73JX
zhi.andreasson@edu.tbz.ch;DmuNrklr
judicael.koppeck@edu.tbz.ch;tJzXQyVc
berengere.capron@edu.tbz.ch;dsErAKtY
leonie.brosini@edu.tbz.ch;hZwh4Wvh
venus.garfit@edu.tbz.ch;HRTjdsYy
melina.janota@edu.tbz.ch;0kQ5H7Ml
laurene.bake@edu.tbz.ch;Se6bfSQd
regine.dorkins@edu.tbz.ch;iwrQbBgr
cecile.moffet@edu.tbz.ch;aQDPSSlN
maelann.labrone@edu.tbz.ch;q0AV1SOm
melinda.newbold@edu.tbz.ch;n6N4v0lR
mans.itzhak@edu.tbz.ch;bvdbLyNz
melodie.pattlel@edu.tbz.ch;lA8RylM8
celine.bonett@edu.tbz.ch;c7lDZKVm
adelie.mcgreal@edu.tbz.ch;Onds9UB5
helene.soldan@edu.tbz.ch;bnolIHLt
michele.cluer@edu.tbz.ch;hnJWvYEc
maeline.mueller@edu.tbz.ch;Nt6lcX79
maelann.benedito@edu.tbz.ch;TGOVr1bM
nuo.gransden@edu.tbz.ch;WiST3bA4
berengere.stainton@edu.tbz.ch;N6Zu4fJ5
wa.sabater@edu.tbz.ch;SLlWH3Gf
anais.cochran@edu.tbz.ch;vP6KieO3
gerald.bessant@edu.tbz.ch;UR47V7S7
ruo.coffin@edu.tbz.ch;2TGggwN0
melodie.mustill@edu.tbz.ch;5YhmQ1zr
ruo.stanesby@edu.tbz.ch;8D7mWj50
noemie.antognelli@edu.tbz.ch;z9QPy3hl
maelann.hughson@edu.tbz.ch;SLVS8Jz3
milena.mieville@edu.tbz.ch;NvqW1DsI
mailys.chamberlin@edu.tbz.ch;PdRt1nd3
nadege.tomalin@edu.tbz.ch;bnL8oxNY
;zmLWB8ok
cecile.aguirrezabala@edu.tbz.ch;HI4XdyQ4
maella.gwillim@edu.tbz.ch;phsCmui8
lea.mcgahey@edu.tbz.ch;RUu7EXZf
laurene.hagerty@edu.tbz.ch;2KM6YOCi
dorothee.link@edu.tbz.ch;2sYr31NR
clementine.kynsey@edu.tbz.ch;edH8xblR
lorene.smitherman@edu.tbz.ch;2rV56CFb
cleopatre.klulicek@edu.tbz.ch;0bxWkDhQ
laurene.castaneda@edu.tbz.ch;omTrdKHS
melia.constant@edu.tbz.ch;RSt26AZs
lucrece.clunie@edu.tbz.ch;UyfIbtN0
eleonore.mcmurthy@edu.tbz.ch;yl2TxfuM
melia.bevar@edu.tbz.ch;o6ujobXA
camelia.bontine@edu.tbz.ch;VIvaPxoE
methode.jozefczak@edu.tbz.ch;6zstCETD
audreanne.hinsche@edu.tbz.ch;YpYHyw34
andree.varne@edu.tbz.ch;NRwaBuTZ
marten.kinleyside@edu.tbz.ch;d7xFBaRM
esteve.mcewan@edu.tbz.ch;uIdx2cLq
leane.dibbert@edu.tbz.ch;6diX0e0r
ma.thewlis@edu.tbz.ch;RAdaKMNF
clea.djurkovic@edu.tbz.ch;wK31h47E
rachele.reburn@edu.tbz.ch;Obqu5Q6Q
gerald.gowling@edu.tbz.ch;PNheGl2i
