E-Mail-Adresse;Passwort
;W7VD9hFK
angele.edgecumbe@edu.tbz.ch;kYKuhHGw
zhi.andreasson@edu.tbz.ch;EWRszQm7
judicael.koppeck@edu.tbz.ch;lmy0jKSt
berengere.capron@edu.tbz.ch;RdNy0iud
leonie.brosini@edu.tbz.ch;TYhiaoTn
venus.garfit@edu.tbz.ch;TsTecx34
melina.janota@edu.tbz.ch;e5xTXET6
laurene.bake@edu.tbz.ch;ULP7M4W9
regine.dorkins@edu.tbz.ch;X6Fbioln
cecile.moffet@edu.tbz.ch;26LPCrKv
maelann.labrone@edu.tbz.ch;F5UEebfV
melinda.newbold@edu.tbz.ch;sQcsvBLM
mans.itzhak@edu.tbz.ch;uNSsLLkg
melodie.pattlel@edu.tbz.ch;Y3Nz30IL
celine.bonett@edu.tbz.ch;2xqWtKLi
adelie.mcgreal@edu.tbz.ch;olae91uo
helene.soldan@edu.tbz.ch;YW7Azccq
michele.cluer@edu.tbz.ch;MTIuaRRU
maeline.mueller@edu.tbz.ch;vCR20sNR
maelann.benedito@edu.tbz.ch;d4wBAddU
nuo.gransden@edu.tbz.ch;MURQiGyN
berengere.stainton@edu.tbz.ch;ZmvqwLUJ
wa.sabater@edu.tbz.ch;MuC3m26k
anais.cochran@edu.tbz.ch;7o5tuLU5
gerald.bessant@edu.tbz.ch;UJGau34r
ruo.coffin@edu.tbz.ch;YSHMMIAh
melodie.mustill@edu.tbz.ch;x90Suts7
ruo.stanesby@edu.tbz.ch;Pu3jKCIt
noemie.antognelli@edu.tbz.ch;SfEWMHib
maelann.hughson@edu.tbz.ch;XqmPG3mJ
milena.mieville@edu.tbz.ch;liNQhPkT
mailys.chamberlin@edu.tbz.ch;Mm97aMo7
nadege.tomalin@edu.tbz.ch;0HmWaNXW
;zx7sjzr1
cecile.aguirrezabala@edu.tbz.ch;QWBKEShZ
maella.gwillim@edu.tbz.ch;9Bt7Czkq
lea.mcgahey@edu.tbz.ch;ZCxSgeZj
laurene.hagerty@edu.tbz.ch;NOFTsPlK
dorothee.link@edu.tbz.ch;JzbasMwC
clementine.kynsey@edu.tbz.ch;SSVb0EsN
lorene.smitherman@edu.tbz.ch;l6KqeRcr
cleopatre.klulicek@edu.tbz.ch;E1VBbKHD
laurene.castaneda@edu.tbz.ch;UQRdSmGI
melia.constant@edu.tbz.ch;yi9jbzBn
lucrece.clunie@edu.tbz.ch;yo98hX0q
eleonore.mcmurthy@edu.tbz.ch;QZzKKg0i
melia.bevar@edu.tbz.ch;nuMOyyFa
camelia.bontine@edu.tbz.ch;zIzVZVy5
methode.jozefczak@edu.tbz.ch;1n4hGNjU
audreanne.hinsche@edu.tbz.ch;LLwKQg7O
andree.varne@edu.tbz.ch;xSlLXDke
marten.kinleyside@edu.tbz.ch;ZGFGl94U
esteve.mcewan@edu.tbz.ch;A2J42x9u
leane.dibbert@edu.tbz.ch;EuSEb39L
ma.thewlis@edu.tbz.ch;RRVOFQnF
clea.djurkovic@edu.tbz.ch;ZirqzcUy
rachele.reburn@edu.tbz.ch;RyLNkFRX
gerald.gowling@edu.tbz.ch;WNGoZLTR
