id,Vorname,Nachname,Geschl,Strasse,StrNummer,Postleitzahl,Ort
1,Mélodie,Van Der Vlies,Polygender,11221 Mifflin Terrace,5,,Pacucha
2,Angèle,Edgecumbe,Male,47314 Mayfield Junction,2,69470-000,Tefé
3,Zhì,Andreasson,Male,46136 Union Road,2,,Moutsamoudou
4,Judicaël,Koppeck,Female,653 Trailsway Court,76403,,Kuidou
5,Bérengère,Capron,Female,0076 Farragut Street,1,,Fushë-Muhurr
6,Léonie,Brosini,Male,0315 Debra Street,8458,3412,Chilecito
7,Vénus,Garfit,Female,8 South Hill,66,,Maojiadian
8,Mélina,Janota,Genderqueer,82822 Bay Drive,81821,,Ouaoula
9,Laurène,Bake,Female,1 Towne Drive,8392,,Jing’an
10,Régine,Dorkins,Male,149 Bayside Hill,0011,,Khoa
11,Cécile,Moffet,Male,2 Kim Hill,62,,Kalyny
12,Maëlann,Labrone,Male,22 Utah Hill,8377,464 01,Frýdlant
13,Mélinda,Newbold,Male,896 Shoshone Pass,7,,Masis
14,Måns,Itzhak,Female,3470 Karstens Park,7,,Tireman Timur
15,Mélodie,Pattlel,Male,8006 Carpenter Road,2,16550,Erie
16,Céline,Bonett,Female,1886 Randy Terrace,06275,,Kaoshan
17,Adélie,McGreal,Female,59 Upham Circle,7317,,Shicong
18,Hélène,Soldan,Female,6 Pine View Alley,9433,29930-000,São Mateus
19,Michèle,Cluer,Female,8217 Melvin Avenue,611,1555,Ilangay
20,Maëline,Müller,Male,179 7th Road,868,,Tabanan
21,Maëlann,Benedito,Male,83 Kinsman Park,7258,9630-224,Algarvia
22,Nuó,Gransden,Male,553 Vermont Avenue,93281,86730-000,Astorga
23,Bérengère,Stainton,Female,858 Dottie Terrace,60,,Syevyerodonets’k
24,Wá,Sabater,Female,0027 Barnett Lane,2743,,Leiling
25,Anaïs,Cochran,Female,8208 Summer Ridge Road,1997,95590-000,Tramandaí
26,Gérald,Bessant,Male,3 Pawling Way,43309,,Sīrīs
27,Ruò,Coffin,Female,59042 Mcbride Pass,948,95600-000,Taquara
28,Mélodie,Mustill,Female,656 8th Terrace,95508,,Erniusuokou
29,Ruò,Stanesby,Male,2363 Twin Pines Road,60280,,Haoguantun
30,Noémie,Antognelli,Female,907 Leroy Lane,6321,,Chengxiang
31,Maëlann,Hughson,Female,8 Moland Road,88347,45356,Essen
32,Miléna,Mieville,Female,1 Glacier Hill Point,574,,Longonjo
33,Maïlys,Chamberlin,Bigender,03 Schmedeman Place,2483,76905,San Angelo
34,Nadège,Tomalin,Male,414 Clemons Street,0542,,Taunan
35,Océane,O'Mara,Male,88264 Bay Plaza,950,57160,Thoeng
36,Cécile,Aguirrezabala,Male,69011 Gateway Drive,922,,Wangbuzhuang
37,Maëlla,Gwillim,Female,438 Melby Junction,01,3700,Calinaoan Malasin
38,Léa,McGahey,Bigender,06814 Westend Circle,27,8109,Punta Alta
39,Laurène,Hagerty,Polygender,52006 Bobwhite Alley,4338,,Sanlifan
40,Dorothée,Link,Agender,3 Randy Crossing,3137,,Labuhan Deli
41,Clémentine,Kynsey,Agender,113 Birchwood Circle,46753,,La Esmeralda
42,Lorène,Smitherman,Male,29054 Elmside Point,3,,Wongaya Kaja
43,Cléopatre,Klulicek,Male,9 Waubesa Place,664,,Cidadap
44,Laurène,Castaneda,Female,9627 Laurel Point,349,,Thủ Thừa
45,Mélia,Constant,Female,5731 Warner Circle,67,731-1515,Mibu
46,Lucrèce,Clunie,Male,87746 Ilene Parkway,5724,7017,Binucayan
47,Eléonore,McMurthy,Male,2212 Carberry Plaza,0511,46860,Virojoki
48,Mélia,Bevar,Male,7 Lillian Lane,7,6802,Maydolong
49,Camélia,Bontine,Female,17409 Beilfuss Terrace,0,11503,Mercedes
50,Méthode,Jozefczak,Male,63 Mesta Point,6,378 41,Jarošov nad Nežárkou
51,Audréanne,Hinsche,Male,781 Fordem Road,8893,,Kanḏay
52,Andrée,Varne,Male,06664 Sherman Terrace,645,,Chaiwan
53,Mårten,Kinleyside,Female,268 Fairview Park,30245,,Chengbei
54,Estève,McEwan,Female,10419 Rigney Park,6,533 45,Opatovice nad Labem
55,Léane,Dibbert,Male,7 Maryland Point,2413,966-0033,Seto
56,Mà,Thewlis,Male,700 Nobel Pass,40852,,Goght’
57,Cléa,Djurkovic,Female,7 Delladonna Lane,44,77414 CEDEX,Claye-Souilly
58,Rachèle,Reburn,Male,86 Bonner Road,237,,Umbanyar
59,Gérald,Gowling,Female,816 Aberg Place,6920,21040 CEDEX,Dijon