id,Vorname,Nachname,Geschl,Strasse,StrNummer,Postleitzahl,Ort
1,Mélodie,Van Der Vlies,Polygender,11221 Mifflin Terrace,5,,Pacucha
2,Angèle,Edgecumbe,Male,47314 Mayfield Junction,2,69470-000,Tefé
3,Zhì,Andreasson,Male,46136 Union Road,2,,Moutsamoudou
4,Judicaël,Koppeck,Female,653 Trailsway Court,76403,,Kuidou
5,Bérengère,Capron,Female,0076 Farragut Street,1,,Fushë-Muhurr
6,Léonie,Brosini,Male,0315 Debra Street,8458,3412,Chilecito
7,Vénus,Garfit,Female,8 South Hill,66,,Maojiadian
8,Mélina,Janota,Genderqueer,82822 Bay Drive,81821,,Ouaoula
9,Laurène,Bake,Female,1 Towne Drive,8392,,Jing’an
10,Régine,Dorkins,Male,149 Bayside Hill,0011,,Khoa
11,Cécile,Moffet,Male,2 Kim Hill,62,,Kalyny
12,Maëlann,Labrone,Male,22 Utah Hill,8377,464 01,Frýdlant
13,Mélinda,Newbold,Male,896 Shoshone Pass,7,,Masis
14,Måns,Itzhak,Female,3470 Karstens Park,7,,Tireman Timur
15,Mélodie,Pattlel,Male,8006 Carpenter Road,2,16550,Erie
16,Céline,Bonett,Female,1886 Randy Terrace,06275,,Kaoshan
17,Adélie,McGreal,Female,59 Upham Circle,7317,,Shicong
18,Hélène,Soldan,Female,6 Pine View Alley,9433,29930-000,São Mateus
19,Michèle,Cluer,Female,8217 Melvin Avenue,611,1555,Ilangay
20,Maëline,Müller,Male,179 7th Road,868,,Tabanan
21,Maëlann,Benedito,Male,83 Kinsman Park,7258,9630-224,Algarvia
22,Nuó,Gransden,Male,553 Vermont Avenue,93281,86730-000,Astorga
23,Bérengère,Stainton,Female,858 Dottie Terrace,60,,Syevyerodonets’k
24,Wá,Sabater,Female,0027 Barnett Lane,2743,,Leiling
25,Anaïs,Cochran,Female,8208 Summer Ridge Road,1997,95590-000,Tramandaí
26,Gérald,Bessant,Male,3 Pawling Way,43309,,Sīrīs
27,Ruò,Coffin,Female,59042 Mcbride Pass,948,95600-000,Taquara
28,Mélodie,Mustill,Female,656 8th Terrace,95508,,Erniusuokou
29,Ruò,Stanesby,Male,2363 Twin Pines Road,60280,,Haoguantun
30,Noémie,Antognelli,Female,907 Leroy Lane,6321,,Chengxiang
31,Maëlann,Hughson,Female,8 Moland Road,88347,45356,Essen
32,Miléna,Mieville,Female,1 Glacier Hill Point,574,,Longonjo
33,Maïlys,Chamberlin,Bigender,03 Schmedeman Place,2483,76905,San Angelo
34,Nadège,Tomalin,Male,414 Clemons Street,0542,,Taunan
35,Océane,O'Mara,Male,88264 Bay Plaza,950,57160,Thoeng
36,Cécile,Aguirrezabala,Male,69011 Gateway Drive,922,,Wangbuzhuang
37,Maëlla,Gwillim,Female,438 Melby Junction,01,3700,Calinaoan Malasin
38,Léa,McGahey,Bigender,06814 Westend Circle,27,8109,Punta Alta
39,Laurène,Hagerty,Polygender,52006 Bobwhite Alley,4338,,Sanlifan
40,Dorothée,Link,Agender,3 Randy Crossing,3137,,Labuhan Deli
41,Clémentine,Kynsey,Agender,113 Birchwood Circle,46753,,La Esmeralda
42,Lorène,Smitherman,Male,29054 Elmside Point,3,,Wongaya Kaja
43,Cléopatre,Klulicek,Male,9 Waubesa Place,664,,Cidadap
44,Laurène,Castaneda,Female,9627 Laurel Point,349,,Thủ Thừa
45,Mélia,Constant,Female,5731 Warner Circle,67,731-1515,Mibu
46,Lucrèce,Clunie,Male,87746 Ilene Parkway,5724,7017,Binucayan
47,Eléonore,McMurthy,Male,2212 Carberry Plaza,0511,46860,Virojoki
48,Mélia,Bevar,Male,7 Lillian Lane,7,6802,Maydolong
49,Camélia,Bontine,Female,17409 Beilfuss Terrace,0,11503,Mercedes
50,Méthode,Jozefczak,Male,63 Mesta Point,6,378 41,Jarošov nad Nežárkou
51,Audréanne,Hinsche,Male,781 Fordem Road,8893,,Kanḏay
52,Andrée,Varne,Male,06664 Sherman Terrace,645,,Chaiwan
53,Mårten,Kinleyside,Female,268 Fairview Park,30245,,Chengbei
54,Estève,McEwan,Female,10419 Rigney Park,6,533 45,Opatovice nad Labem
55,Léane,Dibbert,Male,7 Maryland Point,2413,966-0033,Seto
56,Mà,Thewlis,Male,700 Nobel Pass,40852,,Goght’
57,Cléa,Djurkovic,Female,7 Delladonna Lane,44,77414 CEDEX,Claye-Souilly
58,Rachèle,Reburn,Male,86 Bonner Road,237,,Umbanyar
59,Gérald,Gowling,Female,816 Aberg Place,6920,21040 CEDEX,Dijon
60,Cléopatre,Jackson,Male,838 Melby Alley,20,,Denglong
61,Desirée,Haskins,Male,2 Crowley Park,98341,,Marshintsy
62,Eléonore,Longson,Female,101 Hauk Street,80,,Wuma
63,Léane,Dybell,Female,4 Sommers Lane,41528,D04,Cabinteely
64,Bécassine,Grzesiak,Female,9378 Melody Place,821,46862,Fort Wayne
65,Marie-josée,Pickin,Male,56 Scott Place,90,,Khovd
66,Marie-josée,Roxby,Male,19 Pankratz Street,53,325-0017,Kuroiso
67,Léonie,Feenan,Male,8 Aberg Drive,9,,Sumberan
68,Valérie,Ellum,Female,69 Forster Lane,357,,Chuanshan
69,Jú,Caseri,Female,28 6th Alley,0,30034 CEDEX 1,Nîmes
70,Börje,Strangman,Female,4 Scoville Trail,7187,683 01,Rousínov
71,Béatrice,Ghidelli,Male,56581 Fieldstone Place,27359,4610-475,Ponte
72,Dà,Jablonski,Female,65304 Lakewood Lane,31474,,Batangtoru
73,Uò,Beveridge,Male,134 Crowley Parkway,7,4751,La Puerta de San José
74,Valérie,Bestman,Male,268 Ridge Oak Crossing,38,,Klimavichy
75,Marlène,Pohls,Female,7 Victoria Crossing,8,,Tianzhu
76,Mà,Nolda,Female,65 Heffernan Road,330,2970-294,Cotovia
77,Marlène,Bisiker,Male,480 Tony Park,016,5401,Tamberías
78,Estée,Babon,Male,15 Arapahoe Park,8271,53401,Choa Saidān Shāh
79,Simplifiés,Dmisek,Female,97869 Artisan Pass,847,577 92,Hultsfred
80,Sélène,Ganing,Female,43 Lakewood Trail,6,5507,Looc
81,Méryl,Penke,Male,61444 Prairieview Crossing,034,,Sumbuya
82,Anaïs,Rawcliff,Female,28103 Holmberg Hill,430,,Dawuhanmangli
83,Mélina,Andri,Female,76 Clemons Circle,76539,42963 CEDEX 9,Saint-Étienne
84,Audréanne,Fodden,Male,167 Meadow Valley Plaza,20,,Managua
85,Björn,Spellesy,Male,49 Roth Alley,3,8011,Székesfehérvár
86,Françoise,Summerscales,Male,20 Brickson Park Drive,22213,,Padangan
87,Laurène,Ashtonhurst,Female,7526 Stone Corner Parkway,221,34-741,Kasina Wielka
88,Valérie,Petters,Female,670 Warner Road,0465,,Krajan Keboromo
89,Anaël,Spenclay,Female,83 Dorton Way,0281,34-460,Szczawnica
90,Stéphanie,Keech,Female,761 Beilfuss Pass,2950,,Pailiao
91,Inès,Deveril,Male,98967 Continental Plaza,54670,,Simpang
92,Bérénice,Gelder,Male,78686 Sugar Road,08713,94414 CEDEX,Saint-Maurice
93,Mélanie,O'Fogerty,Female,9214 Mosinee Place,1873,299-4128,Ōami
94,Frédérique,Canepe,Female,624 Norway Maple Park,88306,1060,Jagupit
95,Nuó,Otton,Male,45 Pond Center,27,,Cendagah
96,Geneviève,Trusler,Female,5 Corscot Place,426,89500-000,Caçador
97,Jú,Boag,Male,5 Cascade Pass,952,,Baun
98,Joséphine,Di Lucia,Female,973 Forster Plaza,39,,Pondokrejo Wetan
99,Laurène,Armsden,Male,8 Sachs Avenue,897,67130,Moro
100,Bécassine,Griffe,Male,04 Johnson Hill,497,26120,Nakhon Nayok
101,Aloïs,Parres,Female,92 Rockefeller Pass,532,,Oemollo
102,Cléopatre,Gaffey,Male,97258 Eliot Park,8513,,Chợ Mới
103,André,Stiger,Male,29 Washington Place,876,74184,Tulsa
104,Béatrice,Godleman,Female,256 Waubesa Street,37,1808,Nangka
105,Håkan,Harrhy,Non-binary,5941 Cottonwood Crossing,94,190018,Popayán
106,Célestine,Dagnan,Male,5276 Lien Point,03014,382 21,Kájov
107,Clémence,Haggart,Male,7977 Westport Trail,027,4950-830,Giesteira
108,Lóng,Caban,Female,37 Magdeline Hill,2,309642,Novyy Oskol
109,Gaétane,Grimble,Male,45122 Morrow Lane,56439,,Dashi
110,Maëlann,Piwall,Genderqueer,25 Roxbury Hill,467,,Wenchang
111,Magdalène,Loble,Male,53247 Ridge Oak Street,2,,Zharkent
112,Véronique,Domaschke,Polygender,1374 Tennessee Point,4,,Pirca
113,Cléa,Herity,Female,558 Jenifer Parkway,453,,Duozhu
114,Maëlann,Bambrough,Female,89 Sachtjen Alley,59,75832 CEDEX 17,Paris 17
115,Cléa,Goulstone,Female,6329 Hanson Road,8,649240,Chemal
116,Renée,De Leek,Female,6392 Shopko Road,9886,,Az Zintān
117,Börje,Rudderham,Female,2925 Swallow Park,1,37490-000,São Gonçalo do Sapucaí
118,Marylène,Broune,Male,923 Redwing Center,6,,Kebonbencoy
119,Nadège,McCuish,Male,76 Reinke Street,1,,Shizong
120,Anaël,Littleover,Female,940 Helena Road,2974,,Hữu Lũng
121,Liè,Baume,Female,60405 Karstens Alley,627,4000,Chittagong
122,Maëlla,Murrow,Male,7 Summer Ridge Way,80,3700-819,Duas Igrejas
123,Cléopatre,Pettifor,Male,2 Hollow Ridge Park,15703,366319,Mayrtup
124,Géraldine,Asker,Female,44 Boyd Hill,28907,4313,Brea Pozo
125,Gaétane,Smedmore,Female,2 Manley Drive,70333,1424,Strawberry Hills
126,Méryl,Blencoe,Female,02 Badeau Crossing,458,75345 CEDEX 07,Paris 07
127,Aurélie,Chastaing,Female,0062 Johnson Lane,4,7031,San Pablo
128,Océanne,Marthen,Female,861 Pearson Road,3640,,Firá
129,Dorothée,Burrill,Female,1503 Meadow Ridge Place,857,739 47,Kozlovice
130,Håkan,Belden,Male,94 Jay Parkway,94546,4892,Grimstad
131,Céline,Brunning,Male,66994 Florence Court,8,2907,Marcos
132,Anaël,Lapides,Male,4 Namekagon Lane,48,127 43,Skärholmen
133,Ruò,Saffran,Female,1 Corben Way,1,36200-000,Barbacena
134,Loïc,Gerretsen,Male,0 Harbort Court,0846,8655,Thulamahashi
135,Ruì,Fitzer,Male,80128 Hollow Ridge Alley,271,368034,Glubokiy
136,Annotée,Ogers,Male,636 Erie Avenue,778,50320,Nong Don
137,Börje,Bindin,Female,8 Florence Park,6158,,Kebonkaret
138,Mà,Cronchey,Female,49123 Pawling Court,0,1074,Budapest
139,Laurélie,Baiyle,Male,56 Nobel Lane,506,,Pingding
140,Dorothée,Older,Female,81306 Rieder Avenue,66081,,Guicheng
141,Lauréna,Wile,Male,808 Schmedeman Drive,476,,Xiongguan
142,Clémence,Brito,Female,6591 Basil Circle,838,8970-055,Alcoutim
143,Nadège,Dallin,Male,7042 Trailsway Trail,72,,Nueva Loja
144,Maïlis,Matley,Female,1287 Norway Maple Road,26409,,Banjar Budakeling
145,Danièle,Screaton,Female,92 Vernon Plaza,1084,,Jietou
146,Médiamass,Godly,Male,97 Grasskamp Drive,27799,,Faratsiho
147,Léone,Kremer,Male,36 Maryland Avenue,31575,,Enjitsu
148,Åsa,Adrian,Male,3 Glendale Pass,26,,Beidajie
149,Adèle,Doley,Agender,0 Logan Pass,481,,Huangdu
150,Fèi,Sidney,Female,489 Pepper Wood Street,2642,,Songjiang
151,Marie-josée,Walisiak,Female,04 Green Ridge Junction,8404,28540-000,Cordeiro
152,Desirée,Diplock,Female,1 Lukken Center,49,707037,Colosó
153,Gisèle,Schust,Polygender,35 Katie Drive,1792,,Nanshi
154,Mà,Longshaw,Male,1916 Reindahl Way,50,2807,Calaba
155,Dà,Boother,Male,7697 Pawling Point,336,,La Gi
156,Simplifiés,Chaudhry,Male,2712 Forest Dale Street,54025,,Kotabesi
157,Garçon,Baniard,Female,89334 Pearson Alley,3,30103,San Francisco
158,Gaétane,Elphee,Male,303 Menomonie Alley,2,22-310,Kraśniczyn
159,Gisèle,Hassey,Bigender,6486 Shelley Trail,71013,69101,Kannus
160,Océanne,Booley,Male,41 Springview Lane,195,62265-000,Varjota
161,Örjan,Dibden,Male,8 Butterfield Point,30,,Aimadamodo
162,Régine,O'Cleary,Female,72 Morning Center,285,899-3221,Ijūin
163,Sélène,Persse,Male,1 Butterfield Point,309,42164 CEDEX,Andrézieux-Bouthéon
164,Hélèna,Adenot,Female,314 Menomonie Alley,139,,Yuanquan
165,Maëlann,Wassung,Genderqueer,718 Vernon Circle,7298,503-2429,Ōgaki
166,Frédérique,Ackermann,Male,5 Scoville Lane,12908,42-152,Opatów
167,Audréanne,Kahen,Female,72778 Esker Parkway,1084,10510,Mella
168,Maïwenn,Lasty,Male,2 Trailsway Trail,252,,Ébolowa
169,Yú,Dictus,Male,969 Coleman Trail,2,6513,Santa Fe
170,Anaé,Dukes,Male,054 Eastwood Junction,9,1251,Moravče
171,Yénora,Warr,Polygender,84 Holmberg Pass,3373,,Dapchi
172,Esbjörn,Archibold,Female,456 Shelley Avenue,05444,62-604,Kościelec
173,Miléna,Pardal,Male,9 Gateway Avenue,3113,,Bajo Pichanaqui
174,Célestine,Graveston,Male,0531 Butterfield Trail,1,,San Clemente
175,Maéna,Dallas,Male,6 Sundown Way,18038,,Singgit
176,Andrée,Tuke,Female,6 Northfield Terrace,807,,Anggana
177,Méthode,Seldner,Male,47 Kings Lane,2271,,Guniushan
178,Vénus,Bullas,Male,331 Loomis Center,7,6525,Bato
179,Måns,Aguirrezabal,Female,32245 Sunfield Center,2755,87490-000,Nova Olímpia
180,Gaëlle,Eadington,Female,0 Mallard Park,5714,,Taipingzhuang
181,Anaëlle,Falkner,Male,8704 Chive Plaza,63,20180,Sattahip
182,Ophélie,Height,Female,04978 Kinsman Pass,86,,Changning
183,Mårten,Bolding,Male,6 Lakewood Alley,0,939-2747,Yatsuomachi-higashikumisaka
184,Pélagie,Guswell,Female,312 Arkansas Street,34,,Kalepasan
185,Gwenaëlle,Lecount,Female,734 5th Crossing,54049,,Trinidad
186,Håkan,Laden,Female,2 Service Road,93357,26-811,Wyśmierzyce
187,Marie-josée,Hylands,Male,7 Dryden Way,684,,Wedangtemu
188,Zoé,Kingshott,Female,27 Anderson Court,83,,Arkalyk
189,Josée,Janous,Male,4 Union Circle,97,442780,Bessonovka
190,Laurène,Gallally,Female,42 Cardinal Road,81,2565-522,Monte Redondo
191,Anaël,Bickle,Female,7521 Hoepker Trail,3815,59-852,Świeradów-Zdrój
192,Médiamass,Lebbern,Male,579 Nelson Hill,19,3798,Skien
193,Bérengère,Hovy,Male,7223 Pearson Hill,0524,4334,Perez
194,Örjan,Kilmurray,Female,82818 Sunfield Road,5,96960,Rongelap
195,Åslög,Venny,Male,40 Jenifer Street,875,62840-000,Beberibe
196,Marie-noël,Stoad,Male,87 Holy Cross Terrace,352,4503,San Antonio
197,Håkan,Pettifor,Male,8 Gale Court,8,,Kamenica
198,Maëlla,Willgrass,Male,075 Debra Junction,19072,,Baota
199,Thérèse,Ludovici,Male,5351 Express Court,7624,2725-094,Mem Martins
200,Stéphanie,Trewhitt,Male,456 Portage Crossing,27,,Tây Đằng
201,Märta,Bauduccio,Male,31 Esch Trail,5256,2635-034,Rio de Mouro
202,Gaétane,Glaisner,Male,1049 Doe Crossing Park,1,,Daba
203,Naéva,Pargeter,Male,6 Fieldstone Way,511,,Beloha
204,Salomé,Venable,Male,4930 Mcbride Crossing,67,65-980,Ochla
205,Börje,Thickett,Male,96 Schmedeman Center,8,2729,Blagoevgrad
206,Lucrèce,Prendergrass,Female,7 Morning Center,6118,,Thành Phố Hà Giang
207,Laurène,Ockleshaw,Male,35 Scofield Court,0820,55180,Na Muen
208,Cécilia,Pasticznyk,Female,7076 Sullivan Junction,090,20910,Silver Spring
209,Stévina,MacKey,Male,18 Tennessee Street,61,675 28,Opatov
210,Marie-noël,Reven,Male,013 Quincy Park,174,,Kalipare
211,Mélina,Quilkin,Male,305 Summerview Hill,4854,98880,La Foa
212,Marie-noël,Ferrie,Male,3372 Ramsey Terrace,84174,,Jiutai
213,Léone,Alphege,Male,1 Manley Hill,06,196851,Petro-Slavyanka
214,Zoé,Leverson,Male,8 Declaration Trail,53529,,Tanjungpati
215,Annotés,Grayne,Female,1 Bellgrove Park,247,44505,Youngstown
216,Faîtes,Lalley,Female,005 Pierstorff Lane,2830,,Texíguat
217,Adèle,Wallis,Female,84 Milwaukee Avenue,8,,Kebonbencoy
218,Séverine,Madill,Female,252 Fallview Plaza,3077,969-7208,Fuji
219,Valérie,Tebb,Genderqueer,8 Gateway Lane,846,287 32,Strömsnäsbruk
220,Kallisté,Rasper,Male,7413 Tennyson Trail,261,,Jingu
221,Audréanne,Palomba,Female,0081 Lukken Street,8,,Kebonsari Kidul
222,Eléa,Adamik,Female,4 Arrowood Circle,292,10175,New York City
223,Réservés,Jakuszewski,Male,81696 Farmco Avenue,97886,13820-000,Jaguariúna
224,Athéna,Belhomme,Female,451 Mandrake Point,65530,,Pelabuhanratu
225,Rébecca,Crippin,Female,774 Garrison Circle,237,,Shangqiu
226,Maïwenn,Curman,Male,82 Vernon Parkway,731,403 27,Proboštov
227,Andrée,Bunner,Male,04 Mallory Hill,23,87390-000,Boa Esperança
228,Ruò,Winckles,Male,0 Quincy Court,94820,116 23,Stockholm
229,Naéva,Buntine,Male,8 Tomscot Place,228,,Nueva Helvecia
230,Börje,Dollard,Male,0 Hanson Road,0702,2380-638,Vila Moreira
231,Pénélope,Gorman,Female,26 Schlimgen Trail,91487,,Klokot
232,Aloïs,Robelin,Male,43 Hagan Way,94581,,E’erdun Wula
233,Anaëlle,Tindle,Polygender,708 Raven Trail,3095,4950-332,Pomar
234,Yè,Frears,Male,7 Cordelia Center,7,,Kapsan-ŭp
235,Andrée,Ovid,Female,81670 Harper Park,63263,,Kamenica
236,Håkan,Peat,Male,22707 Westerfield Hill,229,403 17,Chabařovice
237,André,Januszewski,Non-binary,56 Division Point,75625,26-021,Daleszyce
238,Annotés,Clemmett,Female,2246 Lien Center,408,,Atambua
239,Pål,Lambswood,Male,649 Hovde Drive,37,P24,Cobh
240,Yáo,Lenton,Male,60820 Declaration Way,5,63150-000,Campos Sales
241,Håkan,Boyton,Male,0127 Crescent Oaks Plaza,256,,Stari Lec
242,Nélie,Forsey,Female,3764 Hagan Street,190,,Winangun
243,Håkan,Horche,Female,4684 Crest Line Hill,4,35022 CEDEX 2,Rennes
244,Lorène,Sinkings,Genderqueer,5066 Sauthoff Alley,2,446800,Koshki
245,Marie-thérèse,Creddon,Female,4845 Sunfield Park,45,,Segbwema
246,Bérénice,Tolworthy,Female,47319 Dapin Hill,93,,Yalagüina
247,Thérèsa,Land,Male,4143 Delladonna Plaza,8,,Chenhu
248,Marie-thérèse,Gianilli,Male,53 2nd Parkway,2421,,Wang’er
249,Méryl,Glew,Female,2 Ilene Place,9993,4114,Bangonay
250,Adèle,Debling,Female,60 Steensland Avenue,419,618284,Shirokovskiy
251,Anaé,Metzke,Female,3672 Cherokee Trail,05,,Sintung Timur
252,Gaétane,Gooden,Non-binary,9439 Gateway Hill,3,6004,Kecskemét
253,Laïla,Bootland,Male,192 Gateway Trail,2,,Ongi
254,Maïté,Helsdon,Female,0387 Pankratz Circle,033,,Kogon
255,Andrée,Malley,Female,609 Dorton Junction,0,66410,Benito Juarez
256,Pål,Simmens,Male,73 Novick Circle,66,26-630,Jedlnia-Letnisko
257,Maëlys,Nuccitelli,Polygender,5 Claremont Way,7,,Huicheng
258,Dafnée,Sibary,Male,06954 Magdeline Parkway,06561,59570-000,Ceará Mirim
259,Aloïs,Harsnep,Female,7 Maple Avenue,3820,,Pepe
260,Marie-hélène,Lacky,Female,95 Springview Lane,7662,,Shuangkou
261,Mylène,Youthed,Male,68 Vahlen Road,8,,Erandique
262,Marie-hélène,Dehmel,Female,905 Gulseth Way,18119,5105,Santa Cruz
263,Angèle,Batman,Male,236 Bluejay Lane,9969,,Prómachoi
264,Mélia,Younghusband,Female,38332 Darwin Park,567,25190,Si Mahosot
265,Eloïse,Baldi,Male,11905 North Hill,25,,Hongchang
266,Illustrée,Dun,Female,5 Erie Point,71,3300-265,Folques
267,Geneviève,Late,Genderfluid,916 Fairfield Drive,5,,Patrol
268,Célestine,Colville,Male,663 Summerview Center,3573,,Porto-Novo
269,Gwenaëlle,Scarlon,Female,8 Goodland Lane,345,,Shuanglong
270,Régine,Boddie,Female,244 Summer Ridge Road,35222,385436,Staraya Stanitsa
271,Crééz,Gaughan,Male,378 Brickson Park Terrace,40,,Kanggye-si
272,Gaïa,Longford,Female,26725 Loeprich Pass,4,62560-000,Marco
273,Maïlis,Buckby,Non-binary,06 Columbus Center,69349,,Zárkos
274,Sòng,Parbrook,Female,8837 Maple Wood Park,15,53263,Milwaukee
275,Frédérique,Heddan,Female,9 Jay Parkway,03450,,Malikisi
276,Åke,Kirtlan,Female,593 Rigney Road,1,11-430,Korsze
277,Nélie,Runciman,Female,246 Green Avenue,64,,Yongning
278,Maïlis,Cardnell,Female,70 Esch Court,24,4335,Malibong East
279,Irène,Navarro,Non-binary,7 Monument Circle,26,76000,Jamshoro
280,Maïté,Cough,Male,1198 Westridge Circle,81169,692769,Gal’bshtadt
281,Anaëlle,Stocky,Female,66552 Merrick Lane,1098,4930-250,Insua
282,Méthode,Moulder,Male,23291 Crowley Hill,637,44150,Äänekoski
283,Pò,Stafford,Genderfluid,46 Emmet Lane,92,2302,Orizari
284,Faîtes,Scraggs,Female,39798 Southridge Terrace,33,,Jidong
285,Adélaïde,Dullard,Female,3 Sage Avenue,314,606168,Vacha
286,Desirée,Leonard,Male,8870 Blaine Crossing,33221,,Ghanzi
287,Géraldine,Badgers,Male,5 Bonner Court,4231,97755-000,Pôsto Fiscal Rolim de Moura
288,Ruò,Masic,Male,49544 Truax Pass,28,,Quwa
289,Aurélie,Lieber,Non-binary,48 Larry Place,58888,,Xiakouyi
290,Naëlle,Balcock,Female,8 Shopko Plaza,22131,,Wangjiahe
291,Camélia,Elger,Female,6439 Stuart Crossing,70,688000,Palana
292,Publicité,Oakeshott,Female,83799 Laurel Terrace,2863,68625-000,Paragominas
293,Cléopatre,Fawley,Bigender,302 Kinsman Avenue,831,9811,Kudanding
294,Laurène,Bruckmann,Male,5891 Clyde Gallagher Terrace,4848,12205,Albany
295,Ruì,Haughton,Male,8 Bluejay Drive,4423,5609,Eindhoven
296,Åsa,Ladewig,Male,549 Florence Plaza,8278,,Lanyi
297,Gisèle,Janecek,Genderfluid,1305 Anniversary Terrace,56459,,San Miguel
298,Maïly,Loveridge,Male,4 Laurel Alley,5,,Tumpukrenteng
299,Marie-ève,Yurkiewicz,Male,53511 Clove Terrace,6,61609,Morelos
300,Fèi,Roder,Female,1091 Killdeer Circle,11,42-580,Psary
301,Edmée,Chatburn,Male,730 Carey Place,81429,,Krajan
302,Géraldine,Darke,Female,40 Morning Drive,93605,88541,El Paso
303,Yè,Jira,Male,9452 Fremont Way,43,50080,Zaragoza
304,Publicité,Persent,Male,270 Delladonna Pass,655,6204,Maastricht
305,Séverine,Wilcox,Male,6 Crowley Pass,261,4750-771,Quintão
306,Yáo,McClaren,Non-binary,82 Armistice Parkway,927,,Koloniya Zastav’ye
307,Thérèsa,Foynes,Male,10 Colorado Alley,0299,2428,Urdaneta
308,Stéphanie,Isley,Female,55927 Merrick Parkway,7,16901,Lammi
309,Torbjörn,Growy,Male,6036 Lukken Place,84,,Sungai Raya
310,Eloïse,Tunnadine,Female,56 Express Place,77,13660-000,Porto Ferreira
311,Maëline,Cossentine,Female,14 Truax Trail,85,43-418,Pogwizdów
312,Nélie,De Santos,Female,0487 Straubel Drive,7828,,Kapinango
313,Gaétane,Axston,Female,9423 Clyde Gallagher Avenue,9,,Las Palmas
314,Aimée,Merman,Male,20545 Atwood Trail,279,,Lembanah
315,Örjan,Drivers,Male,65 Rieder Parkway,8,920-2327,Ichihara
316,Aimée,Miroy,Male,47547 Center Trail,5280,601 14,Norrköping
317,Nélie,Glyde,Female,0502 Caliangt Park,09,7050-405,Cabrela
318,Håkan,Kapelhof,Female,8131 Arkansas Circle,18646,5829,Sampacho
319,Maëlyss,Cauley,Female,0211 Erie Road,16,91664,El Arenal
320,Eléa,Vaggs,Agender,334 Bonner Parkway,9,,Ganchazi
321,Maëlys,But,Male,9 Kensington Trail,657,78840-000,Campo Verde
322,Maëlla,Arthurs,Female,02152 Atwood Lane,16,,Huanuni
323,Adèle,Liebrecht,Male,88864 Hintze Court,77281,,Alue Glumpang
324,Méline,Lomasny,Male,9 Service Circle,26,,Psevdás
325,Médiamass,Schwant,Genderfluid,67 Towne Center,8839,,Xinglong
326,Léone,Saunt,Bigender,82 Melvin Parkway,13426,A1C,Sainte-Martine
327,Annotés,Gouch,Female,2702 Donald Park,485,8501,San Francisco
328,Gaétane,Bowich,Male,32 Shelley Alley,6006,,Tondano
329,Alizée,Strelitzki,Female,83717 Eastlawn Trail,5727,,Cikondang
330,Léone,Poile,Male,23069 Truax Trail,46023,,Hubei
331,Amélie,Saban,Male,55899 Corben Terrace,74757,69639 CEDEX,Vénissieux
332,Mårten,Mc Menamin,Female,633 Upham Parkway,39359,,Affery
333,Bécassine,Keets,Male,1676 Hoard Lane,87382,,Weizheng
334,Céline,Million,Male,76865 Crescent Oaks Road,0,,Aş Şanamayn
335,Géraldine,Belitz,Male,936 Ridgeway Lane,3091,,Boujniba
336,Salomé,Mardling,Male,270 Vernon Plaza,12,,Tarakan
337,Mélia,Blakemore,Male,7 Monument Lane,00,181019,El Doncello
338,Dafnée,McAulay,Male,98862 Golf Terrace,82,,Kefar Tavor
339,Garçon,Dennett,Female,5 Becker Junction,0,,Koncang
340,Intéressant,Lesor,Male,6 Dryden Center,6,,Soubré
341,Annotée,Wasbrough,Female,54673 Dottie Alley,81716,5090-105,Murça
342,Åsa,Ibbeson,Female,5 Haas Center,189,29015,Malaga
343,Maïly,Kennealy,Female,2563 Namekagon Pass,696,,Pujocucho
344,Yè,Seares,Female,6180 Weeping Birch Point,238,,Mungyeong
345,Athéna,Harbron,Female,4 Havey Plaza,1603,612425,Kosino
346,Andréanne,Portail,Female,56342 Dorton Court,9,,Delta del Tigre
347,Göran,Zannelli,Female,90 Crescent Oaks Terrace,89141,1019,Amsterdam Binnenstad en Oostelijk Havengebied
348,Gérald,Leathlay,Male,12711 Hanson Circle,06302,,Huizhai
349,Andréanne,Chown,Male,127 Marquette Alley,14,8707,Tambac
350,Estève,Clementel,Agender,21 Burning Wood Circle,67460,6419,San Vicente
351,Léone,Legan,Female,1830 Division Point,4,,Tissa
352,Maéna,Pownall,Male,32 Karstens Drive,75,,Kalāt-e Nāderī
353,Andrée,Rettie,Female,87435 Butterfield Hill,505,500 02,Hradec Králové
354,Inès,Kenwrick,Male,78717 Blaine Alley,64953,,Fuji
355,Marie-hélène,Yarnall,Male,24431 Sommers Point,12,3606,Pirané
356,Pò,Martin,Male,23 Cordelia Road,32,,Shajing
357,Ruò,Celiz,Male,4209 Merchant Court,04162,30001,Bhakkar
358,Pò,Bissett,Female,36 Lillian Plaza,83,75503,Melaka
359,Dù,Swindon,Agender,3 Becker Junction,061,67270,Khao Kho
360,Intéressant,Gouldthorp,Female,5941 Dwight Park,96,,Hołoby
361,Léandre,Lilburn,Male,4237 Scofield Street,3571,456 91,Kungshamn
362,Björn,Whales,Female,9913 6th Hill,47,,Henggang
363,Intéressant,Dieton,Male,4765 Graceland Park,547,155310,Kirs
364,Célestine,Redhills,Female,99 Homewood Road,18221,,Joševa
365,Tán,Yakovlev,Male,6 Havey Terrace,05113,69820-000,Canutama
366,Régine,McDowell,Male,6 Autumn Leaf Terrace,79,4625-644,Vila Boa do Bispo
367,Jú,Coysh,Male,3005 Mosinee Crossing,09,404000,Dubovka
368,Réservés,O'Fallon,Male,811 Erie Court,24,,Tangtuzhui
369,Frédérique,Sobey,Male,82035 Merry Drive,2383,2718,Cervantes
370,Marie-ève,Garstang,Genderqueer,4 Steensland Park,7,,Kaum
371,André,Tapin,Female,5159 Carpenter Plaza,7578,7409,Kulase
372,Esbjörn,Eynon,Male,4 Hoffman Hill,49,,Konde
373,Maëlla,Duffy,Male,680 Monterey Terrace,3328,,Dukoh
374,Léandre,Twinning,Male,8667 Donald Crossing,0387,94474 CEDEX,Boissy-Saint-Léger
375,Maï,Whittingham,Female,8 Haas Drive,854,420-0949,Yoichi
376,Rachèle,Shevelin,Male,322 Sunbrook Junction,23567,6834,Bouillon
377,Cécile,McUre,Male,67640 Paget Parkway,4,2530-009,Atalaia
378,Marie-ève,Yurkevich,Female,6 Texas Road,2,,Magburaka
379,Almérinda,Paice,Male,036 Calypso Lane,64,19010,Huité
380,Ráo,Howkins,Male,2 Forest Run Avenue,091,,Liupai
381,Séréna,Pack,Female,325 Melvin Point,0,057858,Carepa
382,Rébecca,Mant,Female,8 Portage Point,5,,Jinsheng
383,Réservés,Spitell,Male,8 Bartillon Parkway,463,,Buaran
384,Garçon,Hamfleet,Bigender,1 Fisk Parkway,6,,Runjin
385,Méthode,Kerkham,Female,54 Nobel Road,51,1047,Марино
386,Pélagie,Camies,Female,9397 Jay Parkway,0,,Xiagong
387,Joséphine,MacPharlain,Male,78 Jay Way,94,,San Silvestre
388,Eugénie,Mathet,Female,82 Blue Bill Park Parkway,04273,,Mekele
389,Gaétane,Brangan,Male,70 Anthes Court,2,,Frashër
390,Michèle,Dewbury,Female,25516 Monica Circle,50,,Changgang
391,Eugénie,Elcott,Female,0 Graceland Terrace,898,197755,Gorskaya
392,Mégane,Harniman,Male,4618 Clove Street,037,,Mugan
393,Agnès,Cluney,Female,8993 Ramsey Avenue,65,2530-009,Atalaia
394,Marie-hélène,Angear,Non-binary,303 Larry Terrace,203,368530,Karabudakhkent
395,Mélia,Dolphin,Female,58194 Hagan Street,107,40160,Thawat Buri
396,Loïs,Ruseworth,Male,4925 Northview Plaza,02893,362-0025,Ageoshimo
397,Maïlys,Ryding,Female,942 Monument Avenue,3831,44315,Akron
398,Rachèle,Wulfinger,Female,278 Thackeray Terrace,44067,,Yima
399,Gwenaëlle,Talton,Female,670 Walton Place,6908,,Dadoupu
400,Lóng,Ronchetti,Male,2925 Vermont Plaza,65541,,Yangcun
401,Styrbjörn,Kloska,Male,0 Talmadge Center,73,,Somita
402,Lén,Sudran,Female,6920 Redwing Crossing,728,721 37,Västerås
403,Maëlle,Andrysek,Female,69272 Westridge Road,71,4206,Santa Teresita
404,Sélène,Senior,Male,132 Hallows Place,14916,,Las Vegas
405,Anaïs,Joskovitch,Non-binary,4126 Aberg Park,11,,Dudchany
406,Marie-noël,Dally,Male,52409 Hovde Point,78,,Guanyinsi
407,Marie-hélène,Laurence,Male,85 Rutledge Court,1,,Ban Houakhoua
408,Camélia,Foxon,Female,24 Melvin Road,857,7005-676,Nossa Senhora de Machede
409,Hélène,Cankett,Female,294 5th Terrace,2,,Bojonggenteng
410,Mårten,Mitchelson,Male,74928 Vahlen Center,94,10450,Jastrebarsko
411,Hélèna,Stirtle,Male,9 Springs Street,7494,53285,Milwaukee
412,Léane,Barmby,Male,09 Clarendon Center,3,,Bi’r al ‘Abd
413,Göran,O'Finan,Male,3 Havey Alley,83376,,Tafo
414,Styrbjörn,Proby,Female,502 Blackbird Pass,3923,214501,Smolensk
415,Zoé,Halse,Female,38 Holmberg Place,62,,Dungkek Laok
416,Kuí,Drable,Female,4 Buell Junction,712,75623 CEDEX 13,Paris 13
417,Desirée,Bamford,Female,117 Knutson Street,7,,Tonggoh
418,Zoé,Suller,Male,01 Golf Pass,5299,301792,Severo-Zadonsk
419,Marylène,Audiss,Female,04697 Portage Crossing,61157,84120,Ban Na San
420,Adélaïde,Poznanski,Male,0 Twin Pines Junction,8839,,Kambove
421,Maëlla,Coleyshaw,Polygender,196 Kropf Place,0,56564,El Mirador
422,Marie-françoise,Gelder,Female,885 Scott Lane,39771,87900,Altavista
423,Eléonore,Chaffyn,Female,777 Onsgard Street,0,98000,Fontvieille
424,Célestine,Sikorsky,Female,10 Pawling Center,82576,,Dengzhou
425,Stévina,Londsdale,Female,09 Dahle Junction,95,,Banjar Petak
426,Maïwenn,Nevitt,Male,0 Carberry Alley,1722,69670-000,Fonte Boa
427,Magdalène,Gerrey,Male,4 Logan Court,14371,26010,Francisco I Madero
428,Bécassine,Latimer,Male,19 Cordelia Lane,59438,2420-369,Trabulheira
429,Dà,Lethibridge,Male,8 Dennis Terrace,1053,,Monkey Hill
430,Maïlys,Claige,Female,8 Charing Cross Crossing,049,,Filothéi
431,Maéna,Torbard,Male,867 Vernon Road,99,,Huangshi
432,Solène,Lyvon,Male,704 Sommers Place,7,86723,Lazaro Cardenas
433,Marie-thérèse,Benbrick,Female,46 Reinke Place,723,,Sokal’
434,Gérald,Edmonson,Male,7704 Everett Drive,740,67953 CEDEX 9,Strasbourg
435,Åke,Messruther,Male,5833 Sommers Alley,8116,56944,Washington
436,Mén,Gosneye,Genderqueer,6 Debra Lane,61,,Salanegara
437,Anaïs,Jefferys,Female,8 Green Ridge Junction,18,4611,Amuñgan
438,Publicité,Tregale,Female,0 Haas Point,5980,764517,Buenaventura
439,Maïly,Santorini,Male,23 Manley Lane,79156,83514 CEDEX,La Seyne-sur-Mer
440,Inès,Pioch,Male,260 Green Ridge Point,02808,,Los Ángeles
441,Noémie,Marklew,Female,8 Kingsford Point,8,,Kasakh
442,Méghane,MacCaffrey,Female,1 Bayside Park,8851,,Sawahan
443,Bérangère,Ambrogio,Male,17 Lakewood Gardens Center,03057,,Zuocun
444,Médiamass,Ryce,Male,70 Merchant Hill,7,,Huainan
445,Östen,Ubank,Male,629 Mcguire Parkway,96554,120 16,Stockholm
446,Mélina,MacKee,Agender,928 Anthes Alley,5,,Majāz al Bāb
447,Thérèsa,Livezey,Male,00460 Novick Place,493,,Belung Satu
448,Clémence,Weal,Female,9 Bay Trail,149,14780-000,Barretos
449,Faîtes,Overton,Male,01 2nd Point,3329,,Shangjia
450,Cléa,Lindblad,Male,6 Dunning Plaza,55,373 35,Horní Stropnice
451,Joséphine,Roseaman,Agender,590 Ilene Point,3920,,Tayu
452,Östen,Lowbridge,Male,85181 Paget Drive,634,,Sukasetia
453,Marie-josée,Brion,Female,53 Debs Crossing,663,939-2747,Yatsuomachi-higashikumisaka
454,Thérèse,Basili,Female,456 Lake View Street,16,,Ulichnoye
455,Mélia,Vertigan,Female,009 Manufacturers Point,16,39409 CEDEX,Morez
456,Judicaël,Saull,Male,49520 Butternut Drive,1457,662927,Belyy Yar
457,Sélène,Valentine,Male,38 Basil Alley,606,,Pomabamba
458,Vérane,Dunlap,Female,2685 Green Crossing,77,,Seria
459,Méline,Kinnear,Female,30844 Heath Hill,87574,,Nankun
460,Lèi,Luttgert,Female,1 John Wall Junction,707,80100,Dera Bugti
461,Styrbjörn,Lathleiffure,Male,51 Northland Way,7,,Bình Minh
462,Marlène,Blasi,Male,9414 Logan Way,8,396350,Kashirskoye
463,Maï,Begwell,Male,49660 Mosinee Lane,9,5518,Haugesund
464,Gwenaëlle,Kaines,Female,12 Emmet Terrace,305,4025,Cabuyao
465,Gérald,Adamthwaite,Male,376 Mcbride Plaza,74505,72-321,Trzebiatów
466,Kuí,Hartfield,Male,07351 Dorton Court,578,,Bernal
467,Salomé,Currao,Male,6 Forster Parkway,28493,11005,San Felipe
468,Angélique,Tixier,Female,7987 Warrior Parkway,22,,Caucaguita
469,Jú,McGragh,Genderfluid,46142 Buell Center,15,,Taoyuan
470,Dafnée,Beachem,Female,15 Nobel Way,186,1809,Soweto
471,Crééz,Terlinden,Male,380 Lakewood Gardens Lane,56,,Huacapampa
472,Uò,McSkeagan,Genderqueer,278 Bobwhite Road,395,97800-000,São Luiz Gonzaga
473,Edmée,McCaughren,Female,4 Buhler Junction,110,,Har Nur
474,Åslög,Cozby,Female,5 Emmet Plaza,3134,999-8242,Hashimoto
475,Mélodie,Traite,Male,96 Lakewood Terrace,0681,,Guandian
476,Dorothée,Aindriu,Male,8726 Thackeray Lane,019,446490,Pokhvistnevo
477,Danièle,Doley,Female,3 Stuart Parkway,4432,24-200,Bełżyce
478,Médiamass,Fairclough,Male,2 Daystar Plaza,3637,,Fareydūnshahr
479,Lorène,Rainforth,Agender,07 Dovetail Street,674,10601,Aserrí
480,Léonore,Eyer,Polygender,27 Myrtle Parkway,41091,,‘Ayn al Bayḑā
481,Pò,Spillman,Genderfluid,49115 Continental Park,9094,265 40,Åstorp
482,Cécilia,Plitz,Female,56 Emmet Street,6,5208,Pinamalayan
483,Lorène,Ludlow,Female,8 Cody Way,4,6230,Postojna
484,Bérangère,Neligan,Male,43 Namekagon Street,68,73900-000,Posse
485,Simplifiés,Huggan,Female,05 Rigney Center,26,,Methóni
486,Clélia,Prandy,Male,8825 Bluestem Place,93087,,Lang
487,Åke,Osban,Genderfluid,62 Canary Avenue,6004,,Saýat
488,Cunégonde,Brunn,Female,0722 Riverside Trail,3394,347502,Bessonovka
489,Lóng,Grizard,Female,13662 Main Drive,8,25086 CEDEX 9,Besançon
490,Méghane,Diss,Polygender,884 Troy Trail,85086,92174 CEDEX,Vanves
491,Thérèse,Oldman,Genderqueer,939 Brentwood Court,0,,Ete
492,Börje,Scamerdine,Male,94071 Gina Street,967,385123,Yelizavetinskaya
493,Dù,Saban,Male,889 Shoshone Avenue,0368,,Tynne
494,Håkan,Clynmans,Male,4 Kennedy Point,78272,342 01,Humpolec
495,Wá,MacDowal,Non-binary,4 Ridge Oak Drive,6763,618742,Dobryanka
496,Vénus,Hatrey,Female,8429 Pepper Wood Plaza,6,,Vukatanë
497,Anaëlle,Vispo,Male,4 Mallory Drive,09182,G5H,Mont-Joli
498,Mahélie,Ollcott,Male,795 Erie Terrace,36,6503,Tolosa
499,Médiamass,Whyman,Agender,2084 Eliot Center,8,,Al Karāmah
500,Esbjörn,Basson,Male,289 Jackson Plaza,716,42-460,Mierzęcice
501,Andréa,Morrill,Male,30 Brentwood Parkway,2239,818 31,Valbo
502,Mélys,Grassi,Female,700 Jay Crossing,62905,522007,Chachagüí
503,Léone,Poleye,Male,3 Lunder Lane,6,84104 CEDEX,Orange
504,Françoise,Penny,Female,98970 Mesta Way,846,42250,Lepoglava
505,Rébecca,Edney,Female,820 Buell Drive,2,,Sorinomo
506,Adélaïde,Murtagh,Male,29 Little Fleur Pass,80353,,Cibinong Satu
507,Stévina,Winterbourne,Female,488 Lake View Place,34,,Ourtzagh
508,Mà,Cottom,Male,37872 Dixon Center,0916,789 69,Postřelmov
509,Tán,Harold,Female,07 Huxley Center,89,452122,Rayevskiy
510,Vénus,Forte,Female,4 Utah Terrace,78,,Maswarah
511,Almérinda,O'Luney,Female,3398 Welch Pass,1,10160,Nong Khaem
512,Cléopatre,Brehault,Male,690 Eastwood Lane,24678,87605,Loma Alta
513,Intéressant,Lapides,Female,31 Donald Circle,88,,Hongkeli
514,Réservés,Hallatt,Female,8460 Corscot Junction,1,1131,København
515,Annotés,Birdwhistle,Male,81554 Rusk Junction,62,94089,Sunnyvale
516,Aí,Dredge,Male,06313 Colorado Court,38596,,Suisan
517,Mégane,Mussard,Male,98 Buhler Lane,6562,442379,Beringovskiy
518,Esbjörn,Gowrich,Genderfluid,6800 Utah Junction,2238,,Huata
519,Börje,Brislawn,Female,0152 Bunker Hill Court,41965,4830-264,São Pedro
520,Bécassine,Wilce,Male,8 Briar Crest Lane,3,,Aeka
521,Personnalisée,Oels,Female,443 Rockefeller Point,233,,Douala
522,Vérane,Pett,Male,304 Marquette Way,460,853-0704,Fukuechō
523,Marylène,Glewe,Female,3 Lien Junction,92,,Tangxing
524,Lài,Elson,Male,27 Vera Lane,292,641330,Prosvet
525,Séréna,Di Franceschi,Female,5068 Fulton Crossing,48,99560-000,Sarandi
526,Liè,Espinel,Male,1177 Cordelia Road,9300,607328,Satis
527,Marylène,Fantini,Genderqueer,3 Red Cloud Trail,15164,,Klayusiwalan
528,André,Archdeckne,Female,7553 Becker Trail,262,,Punaauia
529,Göran,BoHlingolsen,Female,0 Loeprich Alley,11,,Ciperang
530,Cunégonde,Heffer,Female,536 Jana Lane,727,45016 CEDEX 1,Orléans
531,Tán,Fechnie,Polygender,435 Warbler Drive,286,38-722,Olszanica
532,Marie-noël,Brammar,Male,082 Manitowish Pass,33411,,Shaheying
533,Simplifiés,Aven,Female,95313 Swallow Road,5,,Uzgen
534,Mélys,Pinchen,Female,04148 Novick Road,25,,Polonne
535,Edmée,Joyner,Female,5 Crowley Place,6,,Krasnopillya
536,Bérengère,Edess,Female,49465 Thackeray Place,1610,42-141,Przystajń
537,Marie-noël,Goward,Male,3 Menomonie Crossing,3967,,Lộc Bình
538,Jú,Edmons,Male,84 Mosinee Terrace,58,,Puji
539,Frédérique,Airds,Male,48931 Grasskamp Drive,8223,,Kedungwungu
540,Réservés,Dauby,Female,87902 Pleasure Drive,64,,Borehbangle
541,Håkan,Gynni,Male,6 Canary Road,7348,,Bogorejo
542,Léonore,Pinwill,Male,700 Kipling Lane,0,31324,Jagodnjak
543,Marie-ève,McAllan,Female,7 Bayside Trail,8429,,Fengshuling
544,Naëlle,Yeabsley,Female,27275 Kipling Hill,56460,08107 CEDEX,Charleville-Mézières
545,Nélie,Jacobovitz,Male,6196 Swallow Hill,4,203027,La Jagua de Ibirico
546,Adèle,Conelly,Male,9680 Spaight Avenue,6,28901 CEDEX 9,Chartres
547,Clémentine,Dondon,Female,7690 Algoma Street,266,,Zaragoza
548,Zhì,Willcot,Male,10 Memorial Point,27,4820-005,Vinha
549,Chloé,Janicki,Female,2320 Kensington Trail,30,97296,Portland
550,Méng,Linde,Female,43776 Coleman Drive,253,,Kotaagung
551,Céline,Janisson,Male,40696 Forest Street,77249,1047,Марино
552,Clélia,Crow,Male,44 Brickson Park Place,34836,T1V,High River
553,Cécile,Pyott,Female,478 Crownhardt Lane,624,503 02,Předměřice nad Labem
554,Mà,Fidelus,Male,9 David Point,23956,,Yedun
555,Marie-hélène,Poore,Male,1 8th Court,8682,,Kelungkung
556,Eliès,Blanket,Female,2602 Scott Pass,7,,Aydūn
557,Yú,Boyer,Male,563 Graceland Drive,42,301113,Slobodka
558,Célia,Welds,Female,28105 Granby Circle,59,,Shaft
559,Dù,Gunney,Genderqueer,0 Rigney Court,27,,Novi Beograd
560,Görel,Crush,Female,8397 Michigan Lane,3,,Bayanaūyl
561,Marie-josée,Brosius,Female,8268 Dapin Plaza,38,2620-005,Olival Basto
562,Camélia,Adds,Male,36 4th Street,21,,Vinces
563,Anaé,Irwin,Male,83575 Elmside Point,4,2510-015,A-da-Gorda
564,Cléopatre,Skeffington,Female,1 Summer Ridge Junction,96,,Oyan
565,Gérald,Suggate,Male,30340 Hauk Road,06,277 03,Horní Počaply
566,Laurène,Tailour,Male,0 Longview Street,39566,591 94,Motala
567,Amélie,Hoble,Female,890 Mesta Lane,00,664 54,Těšany
568,Vénus,Getch,Female,2072 Starling Point,1367,,Kusi
569,Renée,Treby,Female,37 Mitchell Terrace,47128,06116,Halle
570,Almérinda,Stait,Polygender,5942 Grayhawk Crossing,9136,,Al Ḩāmūl
571,Andrée,Reddecliffe,Male,83066 New Castle Lane,76989,,Sumberdangdang
572,Léone,Wintle,Female,606 Summit Point,3886,,Ngulakan
573,Gérald,Fellow,Male,8637 Holmberg Road,19,A1N,Mount Pearl
574,Jú,Gudger,Male,72798 Muir Trail,0413,63560-000,Acopiara
575,Méng,O'Haire,Male,477 Schurz Trail,8,6311,Guatraché
576,Cléopatre,Missington,Male,1 Longview Alley,95,,Maqian
577,Annotés,De Bruyn,Male,731 Truax Way,13,64082,Lees Summit
578,Gérald,Sinisbury,Male,5992 Meadow Valley Way,7,,Yanbei
579,Crééz,Slora,Female,77852 Dovetail Circle,99,,Ntsoudjini
580,Gisèle,Benbow,Male,297 Orin Court,340,,Kishk-e Nakhūd
581,Pål,Dossit,Male,2 Dapin Lane,5,,Yonghe
582,Nélie,Stirrip,Female,7367 Jenifer Center,20,J7G,Boisbriand
583,Aloïs,O'Crigane,Female,9 Fuller Avenue,323,,Fier-Çifçi
584,Kuí,McTerry,Male,6 Goodland Plaza,0071,,Varna
585,Lóng,Willgoss,Male,04 Maywood Parkway,26022,302525,Staryy Togul
586,Françoise,Sumpner,Female,4 Mccormick Street,29562,140074,Nekrasovka
587,Maëly,Grinstead,Male,6 Bluejay Lane,2508,,Dazhigu
588,Crééz,Langeren,Male,09427 Roth Parkway,958,69750-000,São Gabriel da Cachoeira
589,Adèle,Dungate,Female,5304 Melrose Place,175,33515 CEDEX,Libourne
590,Cléopatre,Noirel,Male,99166 Blaine Point,8,,Nangkasari
591,Intéressant,Daverin,Male,04 Lerdahl Center,5275,08004,San Andrés Xecul
592,Naéva,Kalderon,Female,2206 Melrose Drive,49,D11,Navan
593,Anaïs,O'Shesnan,Female,83 Sutherland Avenue,1,08209 CEDEX,Sedan
594,Judicaël,Anelay,Male,804 Sycamore Parkway,20,3515,Capitán Solari
595,Eloïse,Braxton,Male,3 Charing Cross Junction,781,,Pocohuanca
596,Desirée,Greguol,Female,3988 Surrey Plaza,11113,,Shewopo
597,Maïté,McClenaghan,Male,3 Gateway Parkway,94,1871,Colegiales
598,Méng,Doret,Female,05 Knutson Avenue,94,352265,Spokoynaya
599,Frédérique,Chippendale,Male,4637 Buhler Plaza,58,43-243,Radostowice
600,Andréanne,Lanney,Female,99 Sauthoff Pass,4327,,Voskopojë
601,Aurélie,Claus,Female,77753 Cherokee Avenue,166,94627,Oakland
602,Renée,Pabel,Female,373 Susan Point,101,,Kefar Tavor
603,Maéna,Roust,Female,7450 Lakewood Gardens Avenue,04,,Mtimbira
604,Nadège,Carwithim,Female,6 Bluejay Parkway,3046,853 56,Sundsvall
605,Solène,Geyton,Male,27860 Tony Junction,6549,28360,Jīwani
606,Dafnée,Avraham,Non-binary,1 Dwight Avenue,43948,,Dongping
607,Léane,Woolvin,Female,5 Eagle Crest Pass,312,92324 CEDEX,Châtillon
608,Adèle,MacAdie,Female,3886 Sugar Alley,0,,Banatski Dvor
609,Méline,Rubica,Male,9 Claremont Plaza,7,7036,Kagawasan
610,Marie-noël,Speeding,Female,64 Dwight Pass,3,,Kampungladang
611,Nélie,Mix,Female,19 Carey Hill,36849,,Macun
612,Cléa,Ollett,Female,10661 Sachs Alley,47,64130,Si Satchanalai
613,Léandre,McGavin,Bigender,94367 Mitchell Lane,961,,Zhouling
614,Cécile,Behne,Female,083 Marcy Hill,936,16-515,Puńsk
615,Mélanie,Polle,Female,297 Algoma Point,28159,,Viña del Mar
616,Marie-josée,Titmuss,Male,1056 Summerview Junction,878,42304 CEDEX,Roanne
617,Hélèna,Guest,Genderfluid,1 Elmside Junction,28118,,Wolometang
618,Annotés,Chicchetto,Male,7 Caliangt Plaza,868,,Aoshi
619,Mélia,Tubb,Male,51238 Brentwood Park,2,,Táriba
620,Angélique,Casetti,Female,9 Hanson Alley,41327,,Heitan
621,Cunégonde,Cleall,Male,40 Norway Maple Lane,41853,,Naifaru
622,Camélia,Oaker,Male,7528 Evergreen Point,0,2501,Bauang
623,Yóu,Searight,Female,5344 Lakeland Lane,17,392 30,Kalmar
624,Kévina,Dederick,Genderqueer,6927 Debs Crossing,85,7947,Retreat
625,Miléna,Jeffrey,Female,8 Cardinal Hill,0725,,Laiponda
626,Mélodie,Barkshire,Female,99 Anhalt Terrace,8,,Gunung Sugih
627,Gaëlle,Kreutzer,Female,72 Union Crossing,1246,,Qijing
628,Kallisté,Kleinpeltz,Female,1858 Scoville Terrace,45,,Xinzhan
629,Clémentine,Danat,Genderfluid,41 Carioca Circle,827,,Taiyangling
630,Andréa,Wabb,Female,8838 Goodland Hill,977,,Caloue
631,Géraldine,Piesold,Male,3689 Petterle Place,43331,,Jomsom
632,Tán,Fiveash,Male,0 Di Loreto Road,537,63101,Bahāwalpur
633,Méline,Yuranovev,Male,7 Melby Road,67379,,Gangshangji
634,Thérèse,Holme,Male,39 Cody Pass,17162,,Zhenshan
635,Salomé,Vaney,Male,04010 Northland Hill,752,165,Argir
636,Anaé,Abramson,Male,00 Beilfuss Crossing,197,,Orahovica Donja
637,Kallisté,Jimson,Female,56985 6th Crossing,7,233539,Ayapel
638,Sélène,Yole,Female,58 Jenna Trail,63548,,Kanigorokrajan
639,Agnès,Defraine,Male,6 Jackson Park,9,6227,San Juan
640,Faîtes,McCluin,Female,25338 Brown Plaza,52034,,Zoushi
641,Athéna,Deme,Genderfluid,3492 Vermont Way,6,,Zhouhu
642,Daphnée,Brigstock,Agender,9 Spohn Center,4,691 73,Krumvíř
643,Gösta,Skaif,Female,27104 Jenifer Park,489,992-0478,Takehara
644,Océane,Jagoe,Male,2 Amoth Junction,29,,Guanqiao
645,Annotés,Broomhall,Male,478 Texas Road,7417,,Pechenizhyn
646,Marie-ève,Ballendine,Male,5905 Farmco Junction,54,,Boca de Uchire
647,Mélina,Spykings,Agender,3503 Commercial Junction,1756,64-810,Śmiłowo
648,Laurène,Ticehurst,Male,869 Helena Street,3908,,Leticia
649,Fèi,Avramovic,Female,6 3rd Hill,66221,688000,Palana
650,Publicité,Strathearn,Female,91014 Coleman Crossing,48,,Curahuasi
651,Torbjörn,Garrow,Female,184 Ruskin Plaza,59,,Betioky
652,Chloé,Rubinsztein,Female,34 Menomonie Drive,5258,41905,Migrate
653,Mylène,Demanche,Non-binary,33478 Huxley Point,892,,Wailang
654,Médiamass,Godlonton,Male,38156 Colorado Lane,92,54783,Santo Tomas
655,Renée,Shurrocks,Female,945 Oneill Road,270,22-110,Ruda-Huta
656,Maïwenn,Jedras,Male,98735 Swallow Court,965,,Gumel
657,Geneviève,Castells,Male,6 Lyons Court,2258,,Yunshan
658,Renée,Sneden,Male,2334 Armistice Junction,1,,Changshan
659,Lài,McCallion,Male,5950 Hallows Way,85233,,Patapan
660,Kévina,Impleton,Female,50057 Pepper Wood Place,6,,Bunirasa
661,Östen,Fresson,Bigender,308 Clemons Center,8141,195069,Mercaderes
662,Vérane,Shawley,Female,216 Forest Dale Junction,8,588 33,Rosice
663,Uò,Sjostrom,Female,3063 Rieder Trail,8,427168,Fakel
664,Gisèle,Gothup,Female,98 Utah Avenue,32,,Bi’r al ‘Abd
665,Renée,Beauman,Male,732 Melvin Crossing,14725,,Wanshan
666,Eliès,Loton,Male,9947 Bluejay Hill,79000,,Bauchi
667,Valérie,Elsmore,Male,82247 Commercial Hill,5450,,Kelasuri
668,Bérangère,De la Feld,Male,6340 Packers Alley,06032,,Andramasina
669,Björn,Schimke,Female,9 Manufacturers Alley,89162,48970-000,Senhor do Bonfim
670,Loïc,Ericssen,Female,35739 Old Gate Park,20,,Hongqi
671,Crééz,Richarz,Female,550 Monica Way,4938,45250,Sa Kaeo
672,Athéna,Grocott,Male,295 Westport Junction,95,D6W,Dundrum
673,Naëlle,Piotr,Bigender,7284 Memorial Place,1148,628210,Kondinskoye
674,Maëlla,Paulson,Female,06 Evergreen Alley,38346,T23,Cork
675,Sòng,Perot,Male,6 Talmadge Parkway,1088,623511,Lebedyan’
676,Kallisté,Heckney,Female,0 Starling Plaza,12,,Jiuquan
677,Åke,Vasyutkin,Male,418 Eggendart Junction,31,,Ménaka
678,Mà,Castles,Female,5 Bunting Road,6,33515 CEDEX,Libourne
679,Maëly,Monget,Male,83 Upham Point,1,768 32,Zborovice
680,Táng,Durbridge,Male,98232 Loftsgordon Drive,59,,Jiaoyuan
681,Laurène,Andrew,Male,5832 Amoth Hill,39,186793,Khelyulya
682,Lyséa,Beacon,Polygender,2137 Sunfield Road,1,,Liuji
683,Léandre,Peyntue,Female,77 Donald Avenue,9470,,Siem Reap
684,Ráo,Trever,Genderqueer,73490 Florence Place,17,301649,Mayskiy
685,Mahélie,Streader,Male,283 Gale Alley,9,,Foshan
686,Märta,Andrejevic,Male,3 Old Shore Trail,1,6339,Радолишта
687,Gösta,Tompkins,Female,06 Northport Point,60353,,Palu
688,Hélèna,Agates,Female,91 Morrow Plaza,8319,429 42,Särö
689,Thérèse,Glass,Female,8378 Stone Corner Hill,19,9611,Mamali
690,Aloïs,Foan,Male,8 Mcbride Crossing,52,,Stepanovićevo
691,Bécassine,Melchior,Female,58392 Del Mar Hill,2,,Tirat Karmel
692,Cloé,Robart,Agender,14504 Barby Trail,6514,34-730,Mszana Dolna
693,Danièle,Puckinghorne,Non-binary,3 Waywood Drive,04202,,Fengjia
694,Sélène,Cammidge,Male,703 Elmside Avenue,425,,Wuyang
695,Régine,Conochie,Female,0 Helena Center,850,141 53,Huddinge
696,Intéressant,Tuiller,Female,56 Hintze Plaza,6895,781,Höfn
697,Lóng,Tiebe,Female,09 Packers Way,90,,Hulei
698,Måns,Yele,Female,42390 Loftsgordon Alley,60,415 07,Göteborg
699,Aí,Giles,Female,015 Troy Alley,8,54304 CEDEX,Lunéville
700,Gaétane,Hamberston,Male,6 Vera Center,6,,Vondrozo
701,Marylène,Fenix,Female,097 Oneill Junction,76933,1686,Cogon
702,Géraldine,Graeme,Male,7150 Rieder Point,35062,5702,Patnongon
703,Táng,Kinglake,Female,62011 Moulton Crossing,2,,Drosáto
704,Lài,Challoner,Female,48977 Northwestern Place,6947,4425,San Ramon
705,Desirée,Mattei,Female,64 John Wall Trail,43124,111721,Chita
706,Åke,Erley,Female,60 John Wall Parkway,060,,Banikoara
707,Edmée,Cavil,Male,773 Grayhawk Court,9927,,Zaki Biam
708,Aloïs,Moyes,Male,260 Havey Trail,99,,Ḩātim
709,Bécassine,Pitman,Female,031 Marcy Crossing,3,802-0015,Shimokizukuri
710,Aí,Giacovelli,Female,37 Holmberg Lane,6,56199,San Martin
711,Judicaël,Fruchter,Female,2681 Randy Hill,4002,,Fengcun
712,Måns,Mogg,Female,76 Graceland Circle,517,,Dapo
713,Gérald,Foyle,Male,8657 Leroy Court,1777,,Verkhovyna
714,Wá,Androletti,Male,62135 Derek Court,8,,Eg-Uur
715,Méng,Ollett,Female,60778 Pankratz Road,3404,94857 CEDEX,Ivry-sur-Seine
716,Naëlle,MacMenamy,Female,59438 Green Ridge Crossing,4746,,Bakungan
717,Gisèle,McRamsey,Female,9 Ramsey Road,32096,,Jindu
718,Méryl,Scolts,Bigender,2 Eastlawn Way,7,,Kowingir
719,Célia,Bloxsome,Male,9039 Forest Court,0792,88759,Emiliano Zapata
720,Styrbjörn,Stuke,Female,7743 Carey Point,89,,Karavan
721,Félicie,Gwilliam,Female,18 Alpine Crossing,4737,11102,Monte Plata
722,Dà,Harms,Male,3536 Weeping Birch Plaza,7868,00141,Roma
723,Célestine,Baulk,Male,424 Thierer Plaza,46868,,Hengshanqiao
724,Mahélie,Blackledge,Female,09228 Lotheville Place,88379,,Bashan
725,Méghane,Salt,Female,14994 Kensington Road,5,607497,Urazovka
726,Méthode,Paxeford,Male,07 Mosinee Plaza,080,,Tafo
727,Åslög,Milligan,Agender,47 Eastlawn Alley,14218,53088,Akademija (Kaunas)
728,Yóu,Pellman,Male,03085 Larry Avenue,2,67013 CEDEX,Strasbourg
729,Loïc,Regenhardt,Male,28901 Mccormick Pass,72807,2895,Zeerust
730,Danièle,Savill,Male,90 Jackson Junction,206,,Villamontes
731,Aloïs,Cornu,Male,057 Packers Center,40890,,Houmen
732,Östen,Govey,Female,97 Linden Junction,93,164903,Novodvinsk
733,Marie-ève,Louch,Male,59 Riverside Place,627,09-101,Płońsk
734,Thérèsa,Wenn,Male,23 Old Shore Avenue,23082,23275,Ugljan
735,Andrée,Eul,Agender,0 Glacier Hill Alley,0574,3912,Porsgrunn
736,Liè,Paynton,Male,984 Bellgrove Terrace,520,,Selemadeg Kelod
737,Marie-ève,Girodier,Male,0 Norway Maple Center,2294,73-201,Choszczno
738,Marie-noël,Smithe,Male,986 Merry Plaza,6,,Weiyanggong
739,Mén,Bootyman,Non-binary,3 Center Road,24941,,Hayan Hudong
740,Kù,Sugg,Female,63792 Knutson Way,1,731-1515,Mibu
741,Lucrèce,Roseman,Bigender,43452 Vahlen Avenue,033,73110,Sam Phran
742,Zoé,Annear,Female,9934 West Trail,0928,60505,Aurora
743,Marie-hélène,Rennebach,Female,9989 Ridge Oak Circle,24,,Xianyang
744,Léa,Djurdjevic,Female,28740 Northwestern Drive,78,,Chakou
745,Görel,Robert,Male,16 Red Cloud Court,4,,Tianhu
746,Mylène,Foldes,Male,3 Daystar Avenue,59,732028,Mariquita
747,Faîtes,Clegg,Male,19 Meadow Vale Park,870,,Bayān
748,Marylène,Crowcher,Male,1607 Schurz Parkway,195,,Helong
749,Aimée,Wimpeney,Male,26 Kennedy Lane,7,V7X,Wabana
750,Renée,Atkins,Male,629 Birchwood Road,593,,Menzel Abderhaman
751,Réjane,Cainey,Male,5670 Sunnyside Court,5135,182 39,Danderyd
752,Solène,Britney,Female,582 Spenser Place,1,,Saynshand
753,Mårten,Shatliffe,Male,962 Springview Way,5213,,Kohtla-Järve
754,Maïté,Issatt,Male,1 Reinke Road,371,,Centenary
755,Maëlyss,Edon,Female,9 Springview Hill,07,,Pajarillo
756,Nuó,Bamling,Male,830 Delladonna Park,91672,4425-005,Maia
757,Anaïs,Edards,Female,27 Sheridan Street,7,9754,Aliwal North
758,Médiamass,Bromet,Female,60 Myrtle Way,31,,Puyang
759,Béatrice,Kimbrey,Female,7 Arrowood Street,23,,Xinji
760,Inès,Lawranson,Male,80 Sunbrook Street,7812,1715,Tigbaw
761,Kallisté,Scandroot,Male,4825 Scoville Street,10,,Majiao
762,Måns,Barrowcliffe,Male,8193 Summerview Park,628,5009,Tilburg
763,Irène,Couves,Male,5 Texas Way,3,,Haduohe
764,Miléna,Mucci,Male,4 Laurel Avenue,3458,,Punata
765,Naéva,Cow,Male,0 Portage Plaza,45,8400-017,Estombar
766,Audréanne,Mournian,Male,07666 New Castle Alley,8474,353993,Novorossiysk
767,Mélia,Sinnatt,Male,4 Oxford Crossing,4778,,Shuiying
768,Nélie,Burnard,Male,7 Bayside Parkway,2,2640-705,Alcainça
769,Clélia,Ashfull,Male,9 Eastwood Avenue,0,,Tambulatana
770,Liè,MacArd,Male,7293 Gulseth Lane,6014,J5W,L'Assomption
771,Valérie,Matoshin,Male,73 Gerald Lane,74600,BS41,Bristol
772,Anaël,Hatherleigh,Female,04 Canary Junction,67842,,Turt
773,Intéressant,Warratt,Female,24925 Waubesa Park,28177,417018,Elías
774,Eléonore,Volage,Female,7 Tony Place,33152,47207,Magisterial
775,Zoé,Stebbing,Female,179 Granby Pass,5571,,Köneürgench
776,Alizée,Nye,Male,00620 Karstens Way,407,09-310,Kuczbork-Osada
777,Célestine,Bramley,Polygender,55359 Erie Terrace,671,,Sijiu
778,Sélène,Philcott,Female,978 Weeping Birch Drive,58680,92804 CEDEX,Puteaux
779,Táng,Newens,Agender,37 Laurel Trail,5621,56309 CEDEX,Pontivy
780,Annotés,Powys,Male,7873 1st Road,71285,,Bohicon
781,Léa,Matthesius,Male,80 1st Avenue,2,8125-012,Quarteira
782,Illustrée,Garlett,Female,32241 Mccormick Road,901,2435-042,Caxarias
783,Maïwenn,Meachem,Female,8976 Prentice Point,65727,2428,Urdaneta
784,Marie-françoise,McBrady,Male,229 Arkansas Drive,5918,4755-192,Devesa
785,Illustrée,Gimbart,Agender,77513 Lindbergh Pass,21,294 01,Bakov nad Jizerou
786,Mélys,Lyosik,Male,2 Bartillon Road,5975,,Karavan
787,Marylène,McNab,Female,22 Iowa Drive,02,,Guanshui
788,Gérald,Blount,Genderqueer,7148 Maple Crossing,816,,Naberera
789,Clélia,Shakelade,Polygender,4 Troy Parkway,10093,2530-327,Zambujeira
790,Pénélope,Cridlin,Female,1 Petterle Lane,55285,L-8711,Boevange-sur-Attert
791,Maéna,O'Kuddyhy,Male,7265 Huxley Avenue,144,1045,Кондово
792,Athéna,Keynd,Male,2458 Carberry Lane,2,11114,Las Matas de Farfán
793,Cloé,Dwine,Male,29037 Del Mar Crossing,3728,,Camatindi
794,Joséphine,Browett,Female,4 Johnson Alley,348,,Wenfang
795,Audréanne,O'Scanlon,Female,2982 Orin Park,08,53288,Karlobag
796,Fèi,Jeanequin,Female,178 1st Place,90,,Meilisi
797,Loïs,Gormally,Female,1 Hauk Park,412,,Yangfang
798,Marie-françoise,Finnigan,Male,10 Hermina Road,245,20608,Kuala Terengganu
799,Léonore,Trussman,Female,44 Chinook Hill,3,,Tulung
800,Anaëlle,Trumper,Bigender,0 Forest Dale Way,9990,,Uíge
801,Clémence,Dionis,Female,50388 Hauk Park,0,,Taihua
802,Loïs,Tranmer,Male,587 4th Terrace,26,,Songgui
803,Intéressant,Volett,Male,78993 Packers Hill,90,,Jianshan
804,Personnalisée,Deackes,Male,01466 Ludington Hill,65657,,Piskivka
805,Liè,Vasiliu,Female,349 Dayton Pass,67,,Tanggung
806,Dafnée,Lamputt,Male,34 Starling Park,2,,Xinjia
807,Eliès,Bromige,Female,48422 Canary Court,67,,Pingtan
808,Hélèna,Klosser,Female,337 Badeau Drive,81475,75205,Dallas
809,Andrée,Grim,Female,69012 Bobwhite Park,5450,,Mari
810,Vérane,Coldbath,Female,23 Monterey Alley,01,,Kaltungo
811,Hélèna,Bethell,Female,99 Sunnyside Center,3,,Jomboy
812,Kallisté,Carefull,Female,97 Dorton Circle,86814,,Shifan
813,Régine,Odams,Female,5 Ridgeview Park,9,724 68,Västerås
814,Lén,Stannus,Male,9 Carey Street,3193,,Bududa
815,Angélique,Works,Bigender,97 Lerdahl Parkway,841,,Dazhongzhuang
816,Gösta,Rheaume,Male,82 Hooker Court,765,1070,Malayal
817,Maëlys,Tynnan,Male,1 South Plaza,91,,Kulykiv
818,Maëlle,Carlesi,Male,8 Jana Pass,3437,75700-000,Catalão
819,Anaël,Spurden,Female,52261 Hoffman Lane,8957,2509,Balaoang
820,Hélène,Pumfrett,Male,71286 Red Cloud Pass,10,67013 CEDEX,Strasbourg
821,Görel,Pearn,Male,8 Declaration Alley,977,,Dongguang
822,Laurélie,de Zamora,Female,05392 Meadow Ridge Pass,1,3328,Cabagan
823,Yáo,Twidale,Female,4511 Hayes Center,8,8723,Malabugas
824,Bérengère,Sola,Genderqueer,60 Rieder Street,162,,Xiyuan
825,Maëlann,Hardistry,Male,81487 Magdeline Park,2361,90000,Badulla
826,Séverine,Littlefield,Female,99 Autumn Leaf Pass,66,701 48,Örebro
827,Salomé,Heinl,Male,4986 Cody Center,68735,,Nueva Guadalupe
828,Méryl,Warbey,Female,190 Lerdahl Trail,90757,,Cuchumbaya
829,Dà,Hunstone,Female,35 Anzinger Drive,9898,,Sambir
830,Vénus,Broadbury,Male,194 Summerview Point,3792,4419,Hinapalanan
831,Méghane,Rentelll,Female,299 Maywood Court,21,,Niutang
832,Marylène,Drewitt,Female,6 Little Fleur Road,41450,,Jiaogong
833,Mélinda,Jacquemet,Female,410 Granby Trail,24608,,Gunziying
834,Marie-josée,Keyden,Female,7050 Gale Trail,438,,Kertahayu
835,Åslög,Montacute,Male,326 Pepper Wood Crossing,4259,2419,Malabago
836,Kù,Andreou,Male,4771 Waubesa Lane,5433,456404,Timiryazevskiy
837,Personnalisée,Feaveer,Male,3 Derek Plaza,5281,,Belsh
838,Laïla,Emptage,Female,1812 Laurel Pass,24062,11550,Minuwangoda
839,Björn,Dawdry,Female,39782 Sundown Way,13,,Xianglan
840,Marie-ève,Dinsell,Male,7 School Park,032,1217,Margos
841,Hélène,Follett,Genderqueer,3593 Basil Plaza,402,,Kiruru
842,Pénélope,Cordero,Male,08 Canary Court,43568,3358,Apóstoles
843,Börje,Beedell,Male,188 Randy Junction,347,10516,Cotuí
844,Nélie,Ferne,Female,583 Ramsey Circle,11,46140-000,Livramento do Brumado
845,Céline,Ahmed,Female,6 Saint Paul Parkway,0567,,Shangmachang
846,Stévina,Pimblett,Female,80278 2nd Street,8471,54950,Pākpattan
847,Chloé,Langlands,Female,30040 Melrose Court,24624,,Yaopi
848,Simplifiés,Maude,Female,603 Northridge Road,16988,2430-024,Amieirinha
849,Geneviève,De Carteret,Male,43931 Lukken Place,1,22908,Charlottesville
850,Marylène,Mughal,Male,94755 Glendale Terrace,573,6714,Ede
851,Göran,Guttridge,Male,60 Coleman Drive,3879,,Florida
852,Michèle,Smurfitt,Male,09009 Namekagon Center,9120,,Ngawen
853,Méthode,Hadeke,Male,76 Portage Plaza,38,,Tabouda
854,Thérèse,Rispine,Female,4 Raven Center,88726,,Aku
855,Görel,Plumley,Male,70742 Eagle Crest Pass,754,,Iquipi
856,Océane,Friett,Female,37 Badeau Court,46088,,Zhagang
857,Marie-noël,Achromov,Female,53938 Amoth Alley,3,6214,Guihulñgan
858,Dorothée,Storek,Female,40 8th Plaza,8356,472008,Aracataca
859,Gösta,Whittle,Female,657 Acker Circle,26503,4600-757,Aldeia
860,Desirée,Casely,Male,64869 Elka Trail,739,2000-452,Alqueidão
861,Félicie,Condon,Female,414 Jana Hill,79,74-320,Barlinek
862,Maëlyss,Frisdick,Male,137 Mesta Road,53,,Sumberrojokrajan
863,Aimée,Banke,Male,8783 Debs Street,7227,4210,Subusub
864,Naéva,Hodcroft,Female,92 Buhler Alley,294,,Loja
865,Laïla,Gerrans,Female,7439 Milwaukee Junction,2622,659607,Pervomayskoye
866,Danièle,Scrimshire,Bigender,12934 Muir Alley,42,,Daqiao
867,Daphnée,Sheerin,Female,885 Loomis Court,84,520-0111,Chino
868,Pål,Vanyukov,Genderfluid,9071 Thierer Point,00400,79950-000,Naviraí
869,Zoé,Childs,Male,96143 Badeau Avenue,55,05-604,Jasieniec
870,Aí,Corde,Male,8667 Dixon Place,087,,Xinpu
871,Maëlys,Berryann,Male,21357 Pond Point,91,15900-000,Taquaritinga
872,Cloé,Gladding,Male,518 Clemons Court,94,2420-369,Trabulheira
873,Wá,Kinnaird,Male,939 Harper Court,726,,Kentongan
874,Publicité,Brittoner,Male,33 Barby Court,70898,,Hanam
875,Ráo,Windress,Male,786 Farragut Alley,9546,,Huangnan
876,Uò,Kollach,Male,3 Onsgard Road,038,5130-065,Ervedosa do Douro
877,Josée,Peskett,Non-binary,3 Rowland Point,533,,Moundou
878,Annotée,Hasel,Female,1106 Coleman Lane,879,,Coyah
879,Cinéma,Lee,Male,7242 Jay Circle,464,,Unden
880,Lài,Vedeshkin,Male,7 Delaware Alley,21,,Watulimo
881,Renée,Brisbane,Female,97310 Surrey Street,48120,,Songshan
882,Ophélie,Blincoe,Female,30188 Talisman Crossing,6548,,Rancabungur
883,Zhì,Prazor,Female,46 Linden Place,3650,,Gorē
884,Annotée,Maddicks,Male,5664 Main Park,725,,Pohonsirih
885,Maëlyss,Codd,Male,06 Lakeland Point,026,30453,Hannover
886,Célia,Peplay,Female,3903 Loftsgordon Junction,5583,,Horodne
887,Intéressant,Skone,Female,839 Corscot Terrace,0685,164 35,Kista
888,Audréanne,Hebdon,Male,57617 Thompson Alley,6304,,Lukou
889,Océane,Glen,Female,607 5th Alley,03770,,Luorong
890,Danièle,Vanyushkin,Female,366 Nelson Hill,4,626-0072,Maizuru
891,Daphnée,Ayce,Male,0922 Grasskamp Street,75155,,Shalizhai
892,Andréa,Attride,Male,26 La Follette Drive,4,13480-000,Limeira
893,Pénélope,Bridgwood,Male,0963 Starling Parkway,0992,77493,Katy
894,Maïlis,Drewitt,Female,54 Stone Corner Point,29,232008,Momil
895,Pénélope,Mollene,Female,8921 Hoepker Street,2225,,Knjazevac
896,Illustrée,Keely,Female,00 Lawn Trail,626,9404,Ninove
897,Méng,Brisseau,Female,37265 Arrowood Avenue,73,11808,Sabana Iglesia
898,Ruò,Cleiment,Male,102 Maywood Crossing,4,17350-000,Igaraçu do Tietê
899,Maïté,Krammer,Male,66432 Monument Center,9293,646860,Odesskoye
900,Geneviève,Verry,Female,42437 Superior Center,37,,Wanfa
901,Léa,O'Lochan,Female,85 Chinook Avenue,5636,366502,Goyty
902,Naëlle,Brunnen,Male,93755 Porter Junction,71430,9670,Bultfontein
903,Gösta,Bragginton,Female,731 Marcy Trail,2,3342,Gornji Grad
904,Fèi,Danilyuk,Male,755 Dapin Drive,0742,623795,Pokrovskoye
905,Adélie,Turbitt,Female,222 Warner Center,27177,303320,Zmiyëvka
906,Marylène,Nutman,Male,38 Gulseth Terrace,789,,Banī Suhaylā
907,Thérèse,Barbrick,Bigender,070 Northfield Lane,47,5050-365,Portela
908,Mélys,Kolodziej,Female,9335 Bartillon Place,509,,Petong
909,Mélanie,Runchman,Female,3 Saint Paul Hill,8,,Dolores
910,Séréna,Lafond,Female,494 Weeping Birch Circle,65351,,Zinder
911,Pélagie,Desmond,Male,906 Mockingbird Pass,50027,,Jiuheyuan
912,Wá,Spickett,Female,28 Graceland Trail,44427,,Cimuncang
913,Pò,Shave,Bigender,4709 Darwin Road,05965,569 24,Kunčina
914,Sòng,Huikerby,Female,40 Twin Pines Road,2006,202038,San Diego
915,Mélinda,Bimson,Female,771 Almo Alley,326,,Weifang
916,Personnalisée,Toffanelli,Female,334 Swallow Point,1428,,Apopa
917,Léandre,Hurn,Male,391 Katie Terrace,4,23203,Richmond
918,Östen,Standell,Female,86 New Castle Road,2,08-480,Maciejowice
919,Naëlle,Smaleman,Female,34641 Fairfield Trail,650,,Marka
920,Bérénice,Tayt,Male,460 Algoma Park,56958,702 21,Örebro
921,Kuí,Popplewell,Male,56599 Northwestern Circle,48465,,Dong’an
922,Mélodie,Ferandez,Female,60691 Butterfield Point,372,56250-000,Trindade
923,Josée,Negal,Female,88 Bunker Hill Parkway,14797,9017,Las Heras
924,Mélissandre,Ferrelli,Male,0 Dayton Park,09901,,Man
925,Joséphine,Kemmer,Female,79 Ridgeview Plaza,77338,95-054,Ksawerów
926,Maëly,Cayette,Male,21574 North Center,678,,Zungeru
927,Nélie,Vela,Female,0 Melvin Parkway,9866,,Srono
928,Mélina,Cortes,Male,56 Rowland Plaza,41566,,Sanli
929,Mégane,Leyshon,Male,0753 Tennessee Center,5,,Guojiaba
930,Régine,Harrie,Polygender,51 1st Way,26975,,Shisandaogou
931,Mylène,Widdison,Male,88668 Kennedy Park,84,6139,Peddie
932,Pélagie,Vivash,Female,73 Norway Maple Way,473,19601,Hartola
933,Styrbjörn,Vicarey,Male,47453 Corscot Way,80,613384,Mikhaylovka
934,Lóng,Kyles,Female,2795 Burrows Point,76576,,Drybin
935,Stéphanie,Gipps,Female,73188 Kenwood Drive,47,,Bogo
936,Cléa,Constantine,Male,10259 Goodland Street,38867,,Sanlanbahai
937,Maëlla,Cometto,Bigender,0339 Lakeland Lane,43443,,Duyure
938,Laïla,Aubrun,Female,61870 Eggendart Park,662,4625-604,Lourido
939,Yáo,Austins,Female,99015 Butternut Parkway,216,625516,Antipino
940,Maïlys,Rylstone,Female,7 Commercial Pass,38241,,Merke
941,Adélie,Curuclis,Bigender,311 John Wall Drive,61254,838-0813,Yorii
942,Céline,Longhurst,Female,9454 Lighthouse Bay Alley,944,,Huaraz
943,Gisèle,Hazell,Female,111 Almo Hill,5,,Xinmen
944,Célestine,Ciccone,Male,1 Parkside Circle,4,44770-000,Pindobaçu
945,Maëlyss,Doole,Female,7678 Holy Cross Parkway,817,457134,Bobrovka
946,Hélène,Grimsdike,Male,323 Eastwood Way,201,,Delta del Tigre
947,Liè,Macer,Male,75 Loomis Alley,12576,22-230,Wola Uhruska
948,Maëly,Izard,Male,9851 Hoffman Alley,2699,06254 CEDEX,Mougins
949,Erwéi,Breewood,Male,72549 Waywood Avenue,13,1981,Comilla
950,Chloé,Woolford,Female,01914 Arapahoe Court,81,250 06,Helsingborg
951,Cléopatre,Turpin,Female,28853 Prentice Avenue,1,,Nanhuang
952,Mélodie,Surgison,Female,627 Lakewood Alley,87,06000-000,Osasco
953,Eliès,Leander,Male,43145 Ronald Regan Street,9,,Qaşr Hallāl
954,Médiamass,Reignould,Male,69122 Susan Street,12,,Taiping
955,Célestine,Wasmuth,Female,104 Arkansas Park,40,,Hanban
956,Mårten,Jervis,Female,880 Sunbrook Street,3925,17350-000,Igaraçu do Tietê
957,Daphnée,Bour,Male,7 Bartillon Place,11121,,La Lima
958,Régine,Harlett,Female,4 Ilene Lane,3,,Georgetown
959,Noémie,MacAskie,Female,258 Golden Leaf Crossing,2,,Maripa
960,Loïc,Renfield,Male,7 Sugar Parkway,5729,,Tolitoli
961,Vénus,Kleinert,Male,4401 Hoard Park,0217,3017,Bulacan
962,Mårten,Burlay,Male,41281 Bartelt Road,1646,28800-000,Rio Bonito
963,Bérengère,Radsdale,Non-binary,4 Meadow Vale Drive,20790,,Lolodorf
964,Geneviève,Duckit,Female,243 Mitchell Avenue,852,,Knjazevac
965,Maëly,Ligerton,Female,80 Rockefeller Park,7,,Baleber
966,Maëline,Ricciardelli,Male,4 Pierstorff Place,47,1151,Tarusan
967,Personnalisée,Yggo,Female,69594 Esker Parkway,06,43700-000,Simões Filho
968,Alizée,Pettinger,Female,2 Mosinee Circle,47966,,Yalukou
969,Desirée,Curnnokk,Male,28535 Fulton Circle,71,,Tomaševac
970,Dorothée,Minors,Male,6125 Almo Lane,51721,,Hongkou
971,Océanne,Kopmann,Female,729 Truax Pass,122,4205,Laprida
972,Almérinda,Brodbin,Female,006 Melvin Way,75,34294 CEDEX 5,Montpellier
973,Yénora,Carsberg,Male,40 Reinke Court,1697,215119,Vyaz’ma
974,Wá,Beetles,Bigender,061 Bartelt Alley,083,,Tangjiapo
975,Audréanne,Abbot,Male,7393 Crowley Hill,6572,40101,Heredia
976,Noémie,Capper,Agender,43 Manufacturers Street,2,,Zhouxi
977,Måns,Abramamov,Female,8871 Leroy Park,9,4990-565,Soutelo
978,Audréanne,Blakey,Male,3 Kedzie Way,9153,0654,Oslo
979,Léone,Klimpke,Genderqueer,5285 Alpine Plaza,66271,,Wasogolo
980,Liè,Croston,Female,722 John Wall Court,1,,Xitan
981,Anaëlle,Baistow,Male,399 Randy Court,22750,,Xinle
982,Michèle,Garwood,Female,025 3rd Trail,779,,Ikalamavony
983,Intéressant,Albion,Male,5 Pierstorff Crossing,07,,Mamara
984,André,Brisco,Male,185 Kipling Drive,872,,Sambilawang
985,Táng,Totterdill,Male,15529 Pond Drive,84,,Arosbaya
986,Marie-josée,Braundt,Female,4 Goodland Crossing,85,730507,Piedras
987,Loïs,Galer,Female,08257 Tony Place,08394,,Karanggeneng
988,Faîtes,Pellamonuten,Female,4680 High Crossing Drive,35235,,Nanjie
989,Maï,Barfford,Female,5 Rusk Circle,917,,Nereta
990,Laurène,MacIlory,Male,936 Bluejay Way,14571,,Kudang
991,Eléa,Peak,Female,5187 Florence Way,652,,Geidam
992,Réjane,Doni,Male,55624 Superior Trail,1,4313,San Narciso
993,Mahélie,Ector,Male,72 Old Gate Point,8,76101 CEDEX,Rouen
994,Rachèle,Allum,Male,796 Anniversary Park,66,,Kukulu
995,Laïla,Gerretsen,Male,1408 Continental Plaza,666,2380-407,Louriceira
996,Inès,Bowman,Male,8855 Sullivan Crossing,762,,Cibatuireng
997,Publicité,Barbary,Male,0037 Warner Crossing,224,,Puncakmanis
998,Maïlys,Smooth,Genderfluid,0 Arkansas Avenue,98,T9S,Athabasca
999,Maïlis,Huguenet,Male,270 Morningstar Parkway,17190,,Quanling
1000,Léa,Ewer,Female,7 Doe Crossing Avenue,54,9002,Patrocinio
