E-Mail-Adresse;Passwort
;inj9hEaw
angele.edgecumbe@edu.tbz.ch;IVUuXKBv
zhi.andreasson@edu.tbz.ch;Zp6jJ4No
judicael.koppeck@edu.tbz.ch;R52Mo2EU
berengere.capron@edu.tbz.ch;gUNrqDKR
leonie.brosini@edu.tbz.ch;E0uowdll
venus.garfit@edu.tbz.ch;wvnTJhDJ
melina.janota@edu.tbz.ch;IkYv1KTQ
laurene.bake@edu.tbz.ch;1ML245ht
regine.dorkins@edu.tbz.ch;dXajlS6W
cecile.moffet@edu.tbz.ch;ZtFcuvmu
maelann.labrone@edu.tbz.ch;NcZ0aIBP
melinda.newbold@edu.tbz.ch;lsHG0sEU
mans.itzhak@edu.tbz.ch;6YveJeNm
melodie.pattlel@edu.tbz.ch;yhBkBNyX
celine.bonett@edu.tbz.ch;wR8HKvJX
adelie.mcgreal@edu.tbz.ch;LF0dYUad
helene.soldan@edu.tbz.ch;dmfpSl0q
michele.cluer@edu.tbz.ch;CokqOFry
maeline.mueller@edu.tbz.ch;o7tuZI1o
maelann.benedito@edu.tbz.ch;EdLdtfIF
nuo.gransden@edu.tbz.ch;hSDfiqsh
berengere.stainton@edu.tbz.ch;hN5EaUjN
wa.sabater@edu.tbz.ch;uhqJleAA
anais.cochran@edu.tbz.ch;ZjIQjOwA
gerald.bessant@edu.tbz.ch;8tt7P1hb
ruo.coffin@edu.tbz.ch;Ll1MWX1b
melodie.mustill@edu.tbz.ch;Pj0GTgSl
ruo.stanesby@edu.tbz.ch;5pccxTNo
noemie.antognelli@edu.tbz.ch;G4Y7zbJw
maelann.hughson@edu.tbz.ch;J6ME7aOF
milena.mieville@edu.tbz.ch;f2z1zlqg
mailys.chamberlin@edu.tbz.ch;71G0I6Yo
nadege.tomalin@edu.tbz.ch;IoGnf6Tp
;S54uzRmd
cecile.aguirrezabala@edu.tbz.ch;P0WkLACD
maella.gwillim@edu.tbz.ch;3hXTUv2C
lea.mcgahey@edu.tbz.ch;2fVqpggY
laurene.hagerty@edu.tbz.ch;nj2XCkq0
dorothee.link@edu.tbz.ch;HTfADilz
clementine.kynsey@edu.tbz.ch;5vAEuFW0
lorene.smitherman@edu.tbz.ch;YrYJCGPQ
cleopatre.klulicek@edu.tbz.ch;eWmDNUpf
laurene.castaneda@edu.tbz.ch;4tOJovZE
melia.constant@edu.tbz.ch;gWi6QBO0
lucrece.clunie@edu.tbz.ch;QLbNIeQ1
eleonore.mcmurthy@edu.tbz.ch;flKLzBXa
melia.bevar@edu.tbz.ch;Ik3zur4d
camelia.bontine@edu.tbz.ch;G4mnx07M
methode.jozefczak@edu.tbz.ch;a4Piso1A
audreanne.hinsche@edu.tbz.ch;3XeV0Ypb
andree.varne@edu.tbz.ch;h8h7Fn21
marten.kinleyside@edu.tbz.ch;LTk152jx
esteve.mcewan@edu.tbz.ch;fSKOQYf8
leane.dibbert@edu.tbz.ch;r22gsGqS
ma.thewlis@edu.tbz.ch;zZlBg6ZT
clea.djurkovic@edu.tbz.ch;aDDhdQ9b
rachele.reburn@edu.tbz.ch;zf8pYXjs
gerald.gowling@edu.tbz.ch;UfQI5eWX
