E-Mail-Adresse;Passwort
;RAGezHcC
angele.edgecumbe@edu.tbz.ch;PsVQ52oK
zhi.andreasson@edu.tbz.ch;ialUoY88
judicael.koppeck@edu.tbz.ch;XFKs7odu
berengere.capron@edu.tbz.ch;CUerN7ZI
leonie.brosini@edu.tbz.ch;vYqDfhQ2
venus.garfit@edu.tbz.ch;nE6tZIJ9
melina.janota@edu.tbz.ch;0xo3E2J8
laurene.bake@edu.tbz.ch;AO1evQS6
regine.dorkins@edu.tbz.ch;JOBie1Cr
cecile.moffet@edu.tbz.ch;RRCXKxK2
maelann.labrone@edu.tbz.ch;tvQdZ2UU
melinda.newbold@edu.tbz.ch;OBxduXy0
mans.itzhak@edu.tbz.ch;vMmNv1P6
melodie.pattlel@edu.tbz.ch;9v6tUxn6
celine.bonett@edu.tbz.ch;DatNBZrN
adelie.mcgreal@edu.tbz.ch;eRe3C96g
helene.soldan@edu.tbz.ch;qF0xXT3t
michele.cluer@edu.tbz.ch;tAOqrnmB
maeline.mueller@edu.tbz.ch;4MLTnP6L
maelann.benedito@edu.tbz.ch;RuhwwLJ5
nuo.gransden@edu.tbz.ch;zH84IaBf
berengere.stainton@edu.tbz.ch;e2YkUBbM
wa.sabater@edu.tbz.ch;OjbdnhYu
anais.cochran@edu.tbz.ch;oRw9q19C
gerald.bessant@edu.tbz.ch;HspDZDUa
ruo.coffin@edu.tbz.ch;NlzowDtL
melodie.mustill@edu.tbz.ch;fVrhYIkd
ruo.stanesby@edu.tbz.ch;bNBEU2ih
noemie.antognelli@edu.tbz.ch;hv56qLcV
maelann.hughson@edu.tbz.ch;m44p4rgz
milena.mieville@edu.tbz.ch;nFIb8sat
mailys.chamberlin@edu.tbz.ch;RtqrtjSu
nadege.tomalin@edu.tbz.ch;ZzDi1jDP
;pu6uXdoO
cecile.aguirrezabala@edu.tbz.ch;g5vFTxjr
maella.gwillim@edu.tbz.ch;3OccuCjL
lea.mcgahey@edu.tbz.ch;AJAxUdmJ
laurene.hagerty@edu.tbz.ch;g2VjLKND
dorothee.link@edu.tbz.ch;5AeEuvhB
clementine.kynsey@edu.tbz.ch;d7hbteIX
lorene.smitherman@edu.tbz.ch;xsbaLdy4
cleopatre.klulicek@edu.tbz.ch;S0cjgjVx
laurene.castaneda@edu.tbz.ch;L8ziyTjH
melia.constant@edu.tbz.ch;vAb6NZMY
lucrece.clunie@edu.tbz.ch;L7bkifbw
eleonore.mcmurthy@edu.tbz.ch;WUu5lEaU
melia.bevar@edu.tbz.ch;viD2CHEB
camelia.bontine@edu.tbz.ch;1cJAHRG6
methode.jozefczak@edu.tbz.ch;cq5yyeqi
audreanne.hinsche@edu.tbz.ch;NtESa4rC
andree.varne@edu.tbz.ch;Ym48wcSO
marten.kinleyside@edu.tbz.ch;5JW2FsdK
esteve.mcewan@edu.tbz.ch;0VH2riqW
leane.dibbert@edu.tbz.ch;PCG8shPu
ma.thewlis@edu.tbz.ch;IptguYin
clea.djurkovic@edu.tbz.ch;10tApZDf
rachele.reburn@edu.tbz.ch;8vDZuE3K
gerald.gowling@edu.tbz.ch;pMIsGbul
