E-Mail-Adresse;Passwort
;z4BMLkmD
angele.edgecumbe@edu.tbz.ch;v8gKTkET
zhi.andreasson@edu.tbz.ch;QGKEMi5H
judicael.koppeck@edu.tbz.ch;e5TOp0g5
berengere.capron@edu.tbz.ch;82YlkCfP
leonie.brosini@edu.tbz.ch;OV1hALS3
venus.garfit@edu.tbz.ch;qPon0i32
melina.janota@edu.tbz.ch;3ZlApFsi
laurene.bake@edu.tbz.ch;HHv4Lh2i
regine.dorkins@edu.tbz.ch;oMppCBgn
cecile.moffet@edu.tbz.ch;sazEoJR3
maelann.labrone@edu.tbz.ch;uu98bXG8
melinda.newbold@edu.tbz.ch;YVlRcqPr
mans.itzhak@edu.tbz.ch;jlJamotm
melodie.pattlel@edu.tbz.ch;K7imQEDr
celine.bonett@edu.tbz.ch;t51ZAwi5
adelie.mcgreal@edu.tbz.ch;xZKD2m70
helene.soldan@edu.tbz.ch;OEvSEgnS
michele.cluer@edu.tbz.ch;o4Ve99e7
maeline.mueller@edu.tbz.ch;3zeBT90W
maelann.benedito@edu.tbz.ch;XrkiPeOr
nuo.gransden@edu.tbz.ch;f6MGcx3q
berengere.stainton@edu.tbz.ch;rnVNwrYv
wa.sabater@edu.tbz.ch;BL4JTB3q
anais.cochran@edu.tbz.ch;x20L6TAz
gerald.bessant@edu.tbz.ch;AWzmiXj0
ruo.coffin@edu.tbz.ch;ITKGjIYl
melodie.mustill@edu.tbz.ch;sgXUMVp5
ruo.stanesby@edu.tbz.ch;Y0Javn86
noemie.antognelli@edu.tbz.ch;E3h5XbQy
maelann.hughson@edu.tbz.ch;VGVr8iMO
milena.mieville@edu.tbz.ch;iIdlfCg1
mailys.chamberlin@edu.tbz.ch;m3GZIXsO
nadege.tomalin@edu.tbz.ch;KOrHNgSa
;3nCMupSn
cecile.aguirrezabala@edu.tbz.ch;538j2iuR
maella.gwillim@edu.tbz.ch;v8mpxg87
lea.mcgahey@edu.tbz.ch;OKlXTxHd
laurene.hagerty@edu.tbz.ch;uMME2eht
dorothee.link@edu.tbz.ch;GyQdb0Om
clementine.kynsey@edu.tbz.ch;KhiFikS3
lorene.smitherman@edu.tbz.ch;g3oS6LpF
cleopatre.klulicek@edu.tbz.ch;puZjJxhw
laurene.castaneda@edu.tbz.ch;GBNav3mL
melia.constant@edu.tbz.ch;U87keEO8
lucrece.clunie@edu.tbz.ch;ZmZNuuJD
eleonore.mcmurthy@edu.tbz.ch;DeFHTx6T
melia.bevar@edu.tbz.ch;h1L392Qj
camelia.bontine@edu.tbz.ch;QcGzT8Jk
methode.jozefczak@edu.tbz.ch;jBAHE3NG
audreanne.hinsche@edu.tbz.ch;q1LtvAwy
andree.varne@edu.tbz.ch;OiLWaFRr
marten.kinleyside@edu.tbz.ch;e41senQY
esteve.mcewan@edu.tbz.ch;0ZPYnnyR
leane.dibbert@edu.tbz.ch;c3uYexrF
ma.thewlis@edu.tbz.ch;Ve2g5ebQ
clea.djurkovic@edu.tbz.ch;PqWcGhel
rachele.reburn@edu.tbz.ch;FMYG0bLj
gerald.gowling@edu.tbz.ch;Z6bpiaMa
