E-Mail-Adresse;Passwort
;t3OEFz3K
angele.edgecumbe@edu.tbz.ch;RajuUqti
zhi.andreasson@edu.tbz.ch;8rg7y1IY
judicael.koppeck@edu.tbz.ch;TI41htRr
berengere.capron@edu.tbz.ch;GwN0ZYPW
leonie.brosini@edu.tbz.ch;LMYA4GQ8
venus.garfit@edu.tbz.ch;EJKXHZB3
melina.janota@edu.tbz.ch;n1UjRuCB
laurene.bake@edu.tbz.ch;3JPJoEUH
regine.dorkins@edu.tbz.ch;sAlLy8D1
cecile.moffet@edu.tbz.ch;xRfLYh71
maelann.labrone@edu.tbz.ch;OXWxRV0w
melinda.newbold@edu.tbz.ch;HYaxRwJK
mans.itzhak@edu.tbz.ch;SUUTZYCh
melodie.pattlel@edu.tbz.ch;wExw9aTI
celine.bonett@edu.tbz.ch;ROVxSnnZ
adelie.mcgreal@edu.tbz.ch;MpRyO7Oy
helene.soldan@edu.tbz.ch;axpZIeMS
michele.cluer@edu.tbz.ch;odRbfm8t
maeline.mueller@edu.tbz.ch;8JqL5iYs
maelann.benedito@edu.tbz.ch;42HoORse
nuo.gransden@edu.tbz.ch;n7qPGHaK
berengere.stainton@edu.tbz.ch;eB75vteT
wa.sabater@edu.tbz.ch;PLb3wxbH
anais.cochran@edu.tbz.ch;j8pAXI3Z
gerald.bessant@edu.tbz.ch;e0NpdHHs
ruo.coffin@edu.tbz.ch;i1wtO1t6
melodie.mustill@edu.tbz.ch;30Xv5uiQ
ruo.stanesby@edu.tbz.ch;MF0AN7or
noemie.antognelli@edu.tbz.ch;MvxWSJEa
maelann.hughson@edu.tbz.ch;USU4MzJs
milena.mieville@edu.tbz.ch;oLwQiTtK
mailys.chamberlin@edu.tbz.ch;ssmgdFJ9
nadege.tomalin@edu.tbz.ch;Khu73R3i
;2AOJemPG
cecile.aguirrezabala@edu.tbz.ch;lifgGXXd
maella.gwillim@edu.tbz.ch;CDGuWX9B
lea.mcgahey@edu.tbz.ch;z7wYdhx9
laurene.hagerty@edu.tbz.ch;Tk2MFonw
dorothee.link@edu.tbz.ch;hW3Qnaga
clementine.kynsey@edu.tbz.ch;WByLfuvC
lorene.smitherman@edu.tbz.ch;StfDHNjj
cleopatre.klulicek@edu.tbz.ch;CM90Tp69
laurene.castaneda@edu.tbz.ch;2Cn3bqiA
melia.constant@edu.tbz.ch;vY4QCKSs
lucrece.clunie@edu.tbz.ch;ehL6eoH1
eleonore.mcmurthy@edu.tbz.ch;3fAJzfmH
melia.bevar@edu.tbz.ch;zkBA4m2K
camelia.bontine@edu.tbz.ch;TADs8ODY
methode.jozefczak@edu.tbz.ch;hKNCc5Cq
audreanne.hinsche@edu.tbz.ch;SHS9uR7u
andree.varne@edu.tbz.ch;8ovqVC5J
marten.kinleyside@edu.tbz.ch;qLlMZo94
esteve.mcewan@edu.tbz.ch;LxdzaGyy
leane.dibbert@edu.tbz.ch;CMdchA60
ma.thewlis@edu.tbz.ch;lsv9VWst
clea.djurkovic@edu.tbz.ch;MJMqnKYj
rachele.reburn@edu.tbz.ch;TGdZLFiU
gerald.gowling@edu.tbz.ch;e3FEiWJj
