E-Mail-Adresse;Passwort
;F01QBxcp
angele.edgecumbe@edu.tbz.ch;kN7uNtBM
zhi.andreasson@edu.tbz.ch;FX6dqgqd
judicael.koppeck@edu.tbz.ch;yILpCnmy
berengere.capron@edu.tbz.ch;38fEudl9
leonie.brosini@edu.tbz.ch;5rrzB0UB
venus.garfit@edu.tbz.ch;Yd06rjJ0
melina.janota@edu.tbz.ch;riPzM0cX
laurene.bake@edu.tbz.ch;I2daz1Ui
regine.dorkins@edu.tbz.ch;a4m8M7WS
cecile.moffet@edu.tbz.ch;O3Uas22h
maelann.labrone@edu.tbz.ch;jWX82axY
melinda.newbold@edu.tbz.ch;LzPcTk9U
mans.itzhak@edu.tbz.ch;qCDUiyFr
melodie.pattlel@edu.tbz.ch;baT3SOOO
celine.bonett@edu.tbz.ch;f1QfQ6oi
adelie.mcgreal@edu.tbz.ch;OjxLtwcV
helene.soldan@edu.tbz.ch;wO5HeDnC
michele.cluer@edu.tbz.ch;gj3IQwx4
maeline.mueller@edu.tbz.ch;PpS4ut9v
maelann.benedito@edu.tbz.ch;4UhowdM6
nuo.gransden@edu.tbz.ch;jphtPAgf
berengere.stainton@edu.tbz.ch;Jw1SpUTV
wa.sabater@edu.tbz.ch;RO05bkm3
anais.cochran@edu.tbz.ch;aXS5bUPe
gerald.bessant@edu.tbz.ch;yqPbmL78
ruo.coffin@edu.tbz.ch;U3Xnsg7I
melodie.mustill@edu.tbz.ch;pBp6ll1m
ruo.stanesby@edu.tbz.ch;9ctmn3lc
noemie.antognelli@edu.tbz.ch;llnJZkDE
maelann.hughson@edu.tbz.ch;OX3RGFXQ
milena.mieville@edu.tbz.ch;eabPeaKm
mailys.chamberlin@edu.tbz.ch;NcTiS12r
nadege.tomalin@edu.tbz.ch;EQQdzry1
;ejPZNwCp
cecile.aguirrezabala@edu.tbz.ch;rZeJK9RM
maella.gwillim@edu.tbz.ch;ttrcEK08
lea.mcgahey@edu.tbz.ch;cfoG79m0
laurene.hagerty@edu.tbz.ch;6wvMZjOn
dorothee.link@edu.tbz.ch;F4EcgwdR
clementine.kynsey@edu.tbz.ch;aY7GrZ9w
lorene.smitherman@edu.tbz.ch;ybXBg9ci
cleopatre.klulicek@edu.tbz.ch;eWpAg7WH
laurene.castaneda@edu.tbz.ch;FBdaWtJm
melia.constant@edu.tbz.ch;kWl1UQOJ
lucrece.clunie@edu.tbz.ch;R2qYdn9f
eleonore.mcmurthy@edu.tbz.ch;evZsNKqq
melia.bevar@edu.tbz.ch;oXXOAyRd
camelia.bontine@edu.tbz.ch;UmbmRymh
methode.jozefczak@edu.tbz.ch;E9pXrUdN
audreanne.hinsche@edu.tbz.ch;84bvuL7l
andree.varne@edu.tbz.ch;5i6xsbeT
marten.kinleyside@edu.tbz.ch;6V5wBM1Z
esteve.mcewan@edu.tbz.ch;F5srVQil
leane.dibbert@edu.tbz.ch;MUi8ve1Y
ma.thewlis@edu.tbz.ch;sSZMldiV
clea.djurkovic@edu.tbz.ch;OoFvDdNv
rachele.reburn@edu.tbz.ch;YtGBAikN
gerald.gowling@edu.tbz.ch;sl5Yr82d
