E-Mail-Adresse;Passwort
;Uo8dEOAf
angele.edgecumbe@edu.tbz.ch;RCptCWG5
zhi.andreasson@edu.tbz.ch;I5SCXj6u
judicael.koppeck@edu.tbz.ch;GsSu6aec
berengere.capron@edu.tbz.ch;MQnB2LYX
leonie.brosini@edu.tbz.ch;DT0F4gz3
venus.garfit@edu.tbz.ch;jaffkSrT
melina.janota@edu.tbz.ch;6yD5dqKB
laurene.bake@edu.tbz.ch;Wg3OnFgJ
regine.dorkins@edu.tbz.ch;yQpA1uEQ
cecile.moffet@edu.tbz.ch;yJewjWZD
maelann.labrone@edu.tbz.ch;bTTICllW
melinda.newbold@edu.tbz.ch;pOVupYao
mans.itzhak@edu.tbz.ch;zOqbZ5We
melodie.pattlel@edu.tbz.ch;H2cgb8o7
celine.bonett@edu.tbz.ch;2Rl3Dvzo
adelie.mcgreal@edu.tbz.ch;P46T8YQ1
helene.soldan@edu.tbz.ch;riwxy4lL
michele.cluer@edu.tbz.ch;7zZpJ3mm
maeline.mueller@edu.tbz.ch;JptQ1WE2
maelann.benedito@edu.tbz.ch;ziCIF3i9
nuo.gransden@edu.tbz.ch;kWZXVMHc
berengere.stainton@edu.tbz.ch;JLL5uwMN
wa.sabater@edu.tbz.ch;FS2ZQoDY
anais.cochran@edu.tbz.ch;Dc66zyun
gerald.bessant@edu.tbz.ch;F51uH1yg
ruo.coffin@edu.tbz.ch;i2XGWapA
melodie.mustill@edu.tbz.ch;ELff43zp
ruo.stanesby@edu.tbz.ch;woRRQtmU
noemie.antognelli@edu.tbz.ch;SOO7qHle
maelann.hughson@edu.tbz.ch;P4ILYOB1
milena.mieville@edu.tbz.ch;bng6YPSZ
mailys.chamberlin@edu.tbz.ch;EUb9wpCI
nadege.tomalin@edu.tbz.ch;eBk3r5g6
;gaCJp5Cr
cecile.aguirrezabala@edu.tbz.ch;VACrMpYN
maella.gwillim@edu.tbz.ch;iBOubbQy
lea.mcgahey@edu.tbz.ch;iwVHMKdC
laurene.hagerty@edu.tbz.ch;r4Vc9acB
dorothee.link@edu.tbz.ch;BwB7xE83
clementine.kynsey@edu.tbz.ch;cv0fI9zi
lorene.smitherman@edu.tbz.ch;zG4fDGIP
cleopatre.klulicek@edu.tbz.ch;qjsfFj22
laurene.castaneda@edu.tbz.ch;985et1Fv
melia.constant@edu.tbz.ch;Mdt3K1sW
lucrece.clunie@edu.tbz.ch;wIjEQq65
eleonore.mcmurthy@edu.tbz.ch;DfWo5dHk
melia.bevar@edu.tbz.ch;yJLFf7qJ
camelia.bontine@edu.tbz.ch;szPODKkp
methode.jozefczak@edu.tbz.ch;fxLG6slv
audreanne.hinsche@edu.tbz.ch;D28X5PuD
andree.varne@edu.tbz.ch;soXKqwzM
marten.kinleyside@edu.tbz.ch;FKRVhhVL
esteve.mcewan@edu.tbz.ch;JFhKZndp
leane.dibbert@edu.tbz.ch;nhmHfUr9
ma.thewlis@edu.tbz.ch;wH0cdceJ
clea.djurkovic@edu.tbz.ch;NwNOtrcL
rachele.reburn@edu.tbz.ch;7QYYS65A
gerald.gowling@edu.tbz.ch;2AV1pVl2
