E-Mail-Adresse;Passwort
;qc1M68fs
angele.edgecumbe@edu.tbz.ch;jEzjWvav
zhi.andreasson@edu.tbz.ch;mNl2UAJH
judicael.koppeck@edu.tbz.ch;lZYmHNoF
berengere.capron@edu.tbz.ch;uMqwwToY
leonie.brosini@edu.tbz.ch;7QJ0g08D
venus.garfit@edu.tbz.ch;y2Vwvqw4
melina.janota@edu.tbz.ch;WRfkDKcJ
laurene.bake@edu.tbz.ch;HAMitLEO
regine.dorkins@edu.tbz.ch;s5bJaDlO
cecile.moffet@edu.tbz.ch;xwRN94PY
maelann.labrone@edu.tbz.ch;qmrFRLhb
melinda.newbold@edu.tbz.ch;E8SSe8P1
mans.itzhak@edu.tbz.ch;NpxxNPKA
melodie.pattlel@edu.tbz.ch;vXdgsa0Q
celine.bonett@edu.tbz.ch;q9Q6l3us
adelie.mcgreal@edu.tbz.ch;j3W6bF7p
helene.soldan@edu.tbz.ch;w26yyUgH
michele.cluer@edu.tbz.ch;Qy4l2gE1
maeline.mueller@edu.tbz.ch;pujZyxqJ
maelann.benedito@edu.tbz.ch;LFhUi45t
nuo.gransden@edu.tbz.ch;Iu9CUrg2
berengere.stainton@edu.tbz.ch;kujXisum
wa.sabater@edu.tbz.ch;CYZMLryo
anais.cochran@edu.tbz.ch;GXqnps58
gerald.bessant@edu.tbz.ch;2oRgmh24
ruo.coffin@edu.tbz.ch;7iFrIkaF
melodie.mustill@edu.tbz.ch;FGZDRv8H
ruo.stanesby@edu.tbz.ch;VEDAsWaT
noemie.antognelli@edu.tbz.ch;PENrG2Ff
maelann.hughson@edu.tbz.ch;7ckV575H
milena.mieville@edu.tbz.ch;79lNt5Z1
mailys.chamberlin@edu.tbz.ch;AwQ8Ektd
nadege.tomalin@edu.tbz.ch;PA1qSp2d
;F5RY92Na
cecile.aguirrezabala@edu.tbz.ch;lrnvUvBH
maella.gwillim@edu.tbz.ch;Tzkeop5b
lea.mcgahey@edu.tbz.ch;Ph6uqAAM
laurene.hagerty@edu.tbz.ch;70qKYTQ7
dorothee.link@edu.tbz.ch;cjDL7Kn6
clementine.kynsey@edu.tbz.ch;tOYUR9ow
lorene.smitherman@edu.tbz.ch;ejOhHNXE
cleopatre.klulicek@edu.tbz.ch;z1A2zZtl
laurene.castaneda@edu.tbz.ch;MwKLQjrM
melia.constant@edu.tbz.ch;RxUZVRXw
lucrece.clunie@edu.tbz.ch;60gGlCyw
eleonore.mcmurthy@edu.tbz.ch;9ex2PAz6
melia.bevar@edu.tbz.ch;GS21EdIi
camelia.bontine@edu.tbz.ch;x4clh5Mk
methode.jozefczak@edu.tbz.ch;M3pjk50a
audreanne.hinsche@edu.tbz.ch;90D8FEnk
andree.varne@edu.tbz.ch;1WIeFZyY
marten.kinleyside@edu.tbz.ch;L5LFv0RU
esteve.mcewan@edu.tbz.ch;DDp3v40J
leane.dibbert@edu.tbz.ch;YbA6G366
ma.thewlis@edu.tbz.ch;DKAzxnQg
clea.djurkovic@edu.tbz.ch;kHMQRGok
rachele.reburn@edu.tbz.ch;oyyd5txT
gerald.gowling@edu.tbz.ch;z3GSDFXy
