E-Mail-Adresse;Passwort
;VQUEOK21
angele.edgecumbe@edu.tbz.ch;lPbMZlEu
zhi.andreasson@edu.tbz.ch;VHgv8XGs
judicael.koppeck@edu.tbz.ch;HXMMjsKG
berengere.capron@edu.tbz.ch;YrP2dJLS
leonie.brosini@edu.tbz.ch;9dKEtNYw
venus.garfit@edu.tbz.ch;7CqW4QJz
melina.janota@edu.tbz.ch;QNTuRp0v
laurene.bake@edu.tbz.ch;20Zocggl
regine.dorkins@edu.tbz.ch;3dqWHCb6
cecile.moffet@edu.tbz.ch;QAlScclA
maelann.labrone@edu.tbz.ch;99lJZvEM
melinda.newbold@edu.tbz.ch;zxUKo9eC
mans.itzhak@edu.tbz.ch;Q7Zph6gZ
melodie.pattlel@edu.tbz.ch;cFKKoXjZ
celine.bonett@edu.tbz.ch;vqo1JPEg
adelie.mcgreal@edu.tbz.ch;rVpnrMmo
helene.soldan@edu.tbz.ch;yLb5JBL7
michele.cluer@edu.tbz.ch;lGEBFnGh
maeline.mueller@edu.tbz.ch;8B9aiAgw
maelann.benedito@edu.tbz.ch;CoYGm51p
nuo.gransden@edu.tbz.ch;tCaoZYc4
berengere.stainton@edu.tbz.ch;VOoYS8lr
wa.sabater@edu.tbz.ch;J3WHjfDk
anais.cochran@edu.tbz.ch;JC8qA5dW
gerald.bessant@edu.tbz.ch;kQwzPehE
ruo.coffin@edu.tbz.ch;w3Kfl3hI
melodie.mustill@edu.tbz.ch;2o5A7M9I
ruo.stanesby@edu.tbz.ch;BnAChVwn
noemie.antognelli@edu.tbz.ch;gNG7q1Vb
maelann.hughson@edu.tbz.ch;eXGLaiY3
milena.mieville@edu.tbz.ch;TphfE8K1
mailys.chamberlin@edu.tbz.ch;VCMLAn22
nadege.tomalin@edu.tbz.ch;nbtMmq83
;nNEax7dN
cecile.aguirrezabala@edu.tbz.ch;YwlhTwpa
maella.gwillim@edu.tbz.ch;Ucqr94Qk
lea.mcgahey@edu.tbz.ch;GjXMpSLn
laurene.hagerty@edu.tbz.ch;8OENLGZT
dorothee.link@edu.tbz.ch;BcUMbpUW
clementine.kynsey@edu.tbz.ch;BGyy4PI1
lorene.smitherman@edu.tbz.ch;yuK4hmde
cleopatre.klulicek@edu.tbz.ch;AnRpZY3X
laurene.castaneda@edu.tbz.ch;ZMcpWHeK
melia.constant@edu.tbz.ch;UYhY7Xi5
lucrece.clunie@edu.tbz.ch;TkDjTeAj
eleonore.mcmurthy@edu.tbz.ch;A7bhadx6
melia.bevar@edu.tbz.ch;xF3rfY6g
camelia.bontine@edu.tbz.ch;yAwSax1U
methode.jozefczak@edu.tbz.ch;KySTndf7
audreanne.hinsche@edu.tbz.ch;ZNsfPeJq
andree.varne@edu.tbz.ch;P8FJN86z
marten.kinleyside@edu.tbz.ch;jjhi0hWK
esteve.mcewan@edu.tbz.ch;QQutWP6P
leane.dibbert@edu.tbz.ch;eZDsJ7PH
ma.thewlis@edu.tbz.ch;IKtZPJNk
clea.djurkovic@edu.tbz.ch;7BgZT6bc
rachele.reburn@edu.tbz.ch;M3Hprsv7
gerald.gowling@edu.tbz.ch;osQsr2W8
