E-Mail-Adresse;Passwort
;RpdiMaG5
angele.edgecumbe@edu.tbz.ch;AlE5OpEI
zhi.andreasson@edu.tbz.ch;xjGZu1Ad
judicael.koppeck@edu.tbz.ch;ECz1cNpw
berengere.capron@edu.tbz.ch;yRAve6SC
leonie.brosini@edu.tbz.ch;7VFMxgSl
venus.garfit@edu.tbz.ch;O6Gs5Y5z
melina.janota@edu.tbz.ch;EgeboOCO
laurene.bake@edu.tbz.ch;O02S1hGO
regine.dorkins@edu.tbz.ch;yfQux4pj
cecile.moffet@edu.tbz.ch;YRFZHBDu
maelann.labrone@edu.tbz.ch;anonQ1Mn
melinda.newbold@edu.tbz.ch;gK71hn6t
mans.itzhak@edu.tbz.ch;7k5TfYzu
melodie.pattlel@edu.tbz.ch;VVtwePNT
celine.bonett@edu.tbz.ch;LENKK5GG
adelie.mcgreal@edu.tbz.ch;Z9mX6xXf
helene.soldan@edu.tbz.ch;Ria0Yybt
michele.cluer@edu.tbz.ch;Yx9cS8pQ
maeline.mueller@edu.tbz.ch;URqvkoJb
maelann.benedito@edu.tbz.ch;gFg0OSW5
nuo.gransden@edu.tbz.ch;jteAntNM
berengere.stainton@edu.tbz.ch;dxC9yUz6
wa.sabater@edu.tbz.ch;CU7PZBfj
anais.cochran@edu.tbz.ch;kM179JJd
gerald.bessant@edu.tbz.ch;aSeCtCK8
ruo.coffin@edu.tbz.ch;Khm3wjjL
melodie.mustill@edu.tbz.ch;9khdiH6n
ruo.stanesby@edu.tbz.ch;6xyYF5xD
noemie.antognelli@edu.tbz.ch;xKhYh36s
maelann.hughson@edu.tbz.ch;7ZursRfA
milena.mieville@edu.tbz.ch;yCiJkUKu
mailys.chamberlin@edu.tbz.ch;WWAQQr0G
nadege.tomalin@edu.tbz.ch;ezvrEBhR
;T8emtoXT
cecile.aguirrezabala@edu.tbz.ch;wcsioY3A
maella.gwillim@edu.tbz.ch;8ujwhx8i
lea.mcgahey@edu.tbz.ch;uYoS0x60
laurene.hagerty@edu.tbz.ch;oDKO1FEy
dorothee.link@edu.tbz.ch;swNoUCRC
clementine.kynsey@edu.tbz.ch;HB6tl4tZ
lorene.smitherman@edu.tbz.ch;hvg9mSfV
cleopatre.klulicek@edu.tbz.ch;5AW2x3Gb
laurene.castaneda@edu.tbz.ch;2W3vvotM
melia.constant@edu.tbz.ch;1NqvhC0G
lucrece.clunie@edu.tbz.ch;BbSYOtXk
eleonore.mcmurthy@edu.tbz.ch;RVAw3HW2
melia.bevar@edu.tbz.ch;BYo9JZEr
camelia.bontine@edu.tbz.ch;IkLAfc1K
methode.jozefczak@edu.tbz.ch;mHHyz9IN
audreanne.hinsche@edu.tbz.ch;Vfdrtx2J
andree.varne@edu.tbz.ch;1rqgaRsO
marten.kinleyside@edu.tbz.ch;V19tONYq
esteve.mcewan@edu.tbz.ch;V6FEHuOh
leane.dibbert@edu.tbz.ch;CDxrFmuR
ma.thewlis@edu.tbz.ch;5j7t3cqc
clea.djurkovic@edu.tbz.ch;fKLfN3Vp
rachele.reburn@edu.tbz.ch;0GNkVjud
gerald.gowling@edu.tbz.ch;lhrgAE3e
