E-Mail-Adresse;Passwort
;1XgTxwK9
angele.edgecumbe@edu.tbz.ch;zerzdVY6
zhi.andreasson@edu.tbz.ch;HA8NUeYw
judicael.koppeck@edu.tbz.ch;DfnGHbkt
berengere.capron@edu.tbz.ch;ibriPZg5
leonie.brosini@edu.tbz.ch;hbeU84Yu
venus.garfit@edu.tbz.ch;QykxRnUY
melina.janota@edu.tbz.ch;a85GC20N
laurene.bake@edu.tbz.ch;FXI31UbR
regine.dorkins@edu.tbz.ch;kNpJcLBi
cecile.moffet@edu.tbz.ch;tKJ1tl3K
maelann.labrone@edu.tbz.ch;iZbnW98H
melinda.newbold@edu.tbz.ch;f2q3r6JA
mans.itzhak@edu.tbz.ch;0cjFmeKB
melodie.pattlel@edu.tbz.ch;Q2WdHmqc
celine.bonett@edu.tbz.ch;AeZdWMms
adelie.mcgreal@edu.tbz.ch;5B3duWlf
helene.soldan@edu.tbz.ch;ocZxHpe2
michele.cluer@edu.tbz.ch;wVPhziPz
maeline.mueller@edu.tbz.ch;wO4Cw1W6
maelann.benedito@edu.tbz.ch;oj1j22EE
nuo.gransden@edu.tbz.ch;kYg1BlLv
berengere.stainton@edu.tbz.ch;IQGDnTmE
wa.sabater@edu.tbz.ch;jwTLR9qO
anais.cochran@edu.tbz.ch;olPsddc7
gerald.bessant@edu.tbz.ch;C2UI4rdK
ruo.coffin@edu.tbz.ch;WobRn9XT
melodie.mustill@edu.tbz.ch;0LVmYqyn
ruo.stanesby@edu.tbz.ch;M4x2eJjx
noemie.antognelli@edu.tbz.ch;HmFtRcqJ
maelann.hughson@edu.tbz.ch;Nkv1xQTv
milena.mieville@edu.tbz.ch;yXSGX97V
mailys.chamberlin@edu.tbz.ch;Qr8gT3ap
nadege.tomalin@edu.tbz.ch;Ydwh2Iy0
;pL68bk9a
cecile.aguirrezabala@edu.tbz.ch;bl8eSpQK
maella.gwillim@edu.tbz.ch;AN29mBow
lea.mcgahey@edu.tbz.ch;z4bGMxBA
laurene.hagerty@edu.tbz.ch;8owriQ8u
dorothee.link@edu.tbz.ch;HVd3k4iQ
clementine.kynsey@edu.tbz.ch;xzKD9pXs
lorene.smitherman@edu.tbz.ch;gJ7uUCIo
cleopatre.klulicek@edu.tbz.ch;9gzU9UHI
laurene.castaneda@edu.tbz.ch;CRxEIlcN
melia.constant@edu.tbz.ch;cBM31B5V
lucrece.clunie@edu.tbz.ch;m0UL4V6U
eleonore.mcmurthy@edu.tbz.ch;MPtXrzR2
melia.bevar@edu.tbz.ch;MikEX4hv
camelia.bontine@edu.tbz.ch;JAfAGxzJ
methode.jozefczak@edu.tbz.ch;mSezAtxD
audreanne.hinsche@edu.tbz.ch;9xkG2EKY
andree.varne@edu.tbz.ch;Nb2ckkP2
marten.kinleyside@edu.tbz.ch;dA2qbUmS
esteve.mcewan@edu.tbz.ch;RPzlAyNo
leane.dibbert@edu.tbz.ch;KJZTLVRF
ma.thewlis@edu.tbz.ch;LOImnmsw
clea.djurkovic@edu.tbz.ch;T8As1zvu
rachele.reburn@edu.tbz.ch;i4OPA6RL
gerald.gowling@edu.tbz.ch;wgA9tOVA
