E-Mail-Adresse;Passwort
;DTHNlznJ
angele.edgecumbe@edu.tbz.ch;BPK9Ifun
zhi.andreasson@edu.tbz.ch;OahdP0PA
judicael.koppeck@edu.tbz.ch;VHlUL4l5
berengere.capron@edu.tbz.ch;Qr1dziik
leonie.brosini@edu.tbz.ch;o40GAVJl
venus.garfit@edu.tbz.ch;m1xh7l0j
melina.janota@edu.tbz.ch;IOP0vAIU
laurene.bake@edu.tbz.ch;UjeZwyLk
regine.dorkins@edu.tbz.ch;yBGG0bQq
cecile.moffet@edu.tbz.ch;r08COkQn
maelann.labrone@edu.tbz.ch;Ul3UBKn1
melinda.newbold@edu.tbz.ch;1LHGATRY
mans.itzhak@edu.tbz.ch;XlrbGmMu
melodie.pattlel@edu.tbz.ch;z5tgpWQN
celine.bonett@edu.tbz.ch;WROGwZBf
adelie.mcgreal@edu.tbz.ch;8mAVycri
helene.soldan@edu.tbz.ch;nRqScDGY
michele.cluer@edu.tbz.ch;xTgdMkcd
maeline.mueller@edu.tbz.ch;CxyCWguM
maelann.benedito@edu.tbz.ch;2n9aqkc6
nuo.gransden@edu.tbz.ch;5MK9XiiD
berengere.stainton@edu.tbz.ch;IDhejt3q
wa.sabater@edu.tbz.ch;bQJyKV1h
anais.cochran@edu.tbz.ch;6AEaDLV0
gerald.bessant@edu.tbz.ch;rVYOKXoh
ruo.coffin@edu.tbz.ch;NTGv7fki
melodie.mustill@edu.tbz.ch;4cDsdsUh
ruo.stanesby@edu.tbz.ch;E85p2G7Y
noemie.antognelli@edu.tbz.ch;wTPL1vhx
maelann.hughson@edu.tbz.ch;b6a112kJ
milena.mieville@edu.tbz.ch;rEvqjamD
mailys.chamberlin@edu.tbz.ch;dh5QNqmP
nadege.tomalin@edu.tbz.ch;ft4QPcp4
;b9YseXOU
cecile.aguirrezabala@edu.tbz.ch;1hpQjgHL
maella.gwillim@edu.tbz.ch;s5SHX921
lea.mcgahey@edu.tbz.ch;5Td2JB1p
laurene.hagerty@edu.tbz.ch;1943Qb5e
dorothee.link@edu.tbz.ch;TIINxCnU
clementine.kynsey@edu.tbz.ch;zf7HF9Wp
lorene.smitherman@edu.tbz.ch;jTCAf3JV
cleopatre.klulicek@edu.tbz.ch;3iJ69QlG
laurene.castaneda@edu.tbz.ch;QHfwfCX5
melia.constant@edu.tbz.ch;BqwunBPu
lucrece.clunie@edu.tbz.ch;yxTIOz2Z
eleonore.mcmurthy@edu.tbz.ch;1RUW7Yiz
melia.bevar@edu.tbz.ch;FJxSLZ9o
camelia.bontine@edu.tbz.ch;DsExwRqE
methode.jozefczak@edu.tbz.ch;NHl4knta
audreanne.hinsche@edu.tbz.ch;NAg6gmap
andree.varne@edu.tbz.ch;vnvpruki
marten.kinleyside@edu.tbz.ch;GLUipX0o
esteve.mcewan@edu.tbz.ch;h4ch3CP3
leane.dibbert@edu.tbz.ch;tSO8aEAR
ma.thewlis@edu.tbz.ch;1FeYxmLs
clea.djurkovic@edu.tbz.ch;1QYQRaQS
rachele.reburn@edu.tbz.ch;bG8aQBz4
gerald.gowling@edu.tbz.ch;QvpL6V2f
