E-Mail-Adresse;Passwort
;tPoc12f1
angele.edgecumbe@edu.tbz.ch;TFpohSyj
zhi.andreasson@edu.tbz.ch;XoKsYGN1
judicael.koppeck@edu.tbz.ch;YEp6V9y1
berengere.capron@edu.tbz.ch;MuIqn7Wl
leonie.brosini@edu.tbz.ch;rwgFlsRd
venus.garfit@edu.tbz.ch;UJhCxwZ3
melina.janota@edu.tbz.ch;J0Pchwxj
laurene.bake@edu.tbz.ch;71feJZrg
regine.dorkins@edu.tbz.ch;E5NRvJNw
cecile.moffet@edu.tbz.ch;0rvrggks
maelann.labrone@edu.tbz.ch;BDIqvGqX
melinda.newbold@edu.tbz.ch;J3VU6y0u
mans.itzhak@edu.tbz.ch;9babCEDf
melodie.pattlel@edu.tbz.ch;BnEYVv26
celine.bonett@edu.tbz.ch;rDsoxBmt
adelie.mcgreal@edu.tbz.ch;KHrp5asr
helene.soldan@edu.tbz.ch;Gqpeec6C
michele.cluer@edu.tbz.ch;dhplovoS
maeline.mueller@edu.tbz.ch;OxApRNeF
maelann.benedito@edu.tbz.ch;UNRfxCc1
nuo.gransden@edu.tbz.ch;k8lZ6KTw
berengere.stainton@edu.tbz.ch;TQ0btvE4
wa.sabater@edu.tbz.ch;RbXZJDjO
anais.cochran@edu.tbz.ch;HA3f6B1j
gerald.bessant@edu.tbz.ch;Pgw53O4a
ruo.coffin@edu.tbz.ch;xIhpibYy
melodie.mustill@edu.tbz.ch;o13R6F0u
ruo.stanesby@edu.tbz.ch;eOy7Kr8C
noemie.antognelli@edu.tbz.ch;Wkz533I9
maelann.hughson@edu.tbz.ch;iMjJyXHz
milena.mieville@edu.tbz.ch;szDdPROs
mailys.chamberlin@edu.tbz.ch;GhdzwxdR
nadege.tomalin@edu.tbz.ch;CqUdE2x9
;vlWi0bBz
cecile.aguirrezabala@edu.tbz.ch;z8l51l7U
maella.gwillim@edu.tbz.ch;hvy4oGI4
lea.mcgahey@edu.tbz.ch;8aZjTMGP
laurene.hagerty@edu.tbz.ch;aqVBvlL5
dorothee.link@edu.tbz.ch;YIHP82t2
clementine.kynsey@edu.tbz.ch;VB5gnSt9
lorene.smitherman@edu.tbz.ch;8PdCPliQ
cleopatre.klulicek@edu.tbz.ch;QcEECQj7
laurene.castaneda@edu.tbz.ch;zptqf2Df
melia.constant@edu.tbz.ch;X9r1Fg9V
lucrece.clunie@edu.tbz.ch;m00Q0DCr
eleonore.mcmurthy@edu.tbz.ch;pp6CIB7S
melia.bevar@edu.tbz.ch;EhKf6Dfc
camelia.bontine@edu.tbz.ch;8JaOfpwc
methode.jozefczak@edu.tbz.ch;MUOjnIZM
audreanne.hinsche@edu.tbz.ch;rbRXZmE6
andree.varne@edu.tbz.ch;efZvJUKB
marten.kinleyside@edu.tbz.ch;3OhGR4f9
esteve.mcewan@edu.tbz.ch;kXWCYatM
leane.dibbert@edu.tbz.ch;C9zNQ3WY
ma.thewlis@edu.tbz.ch;rNciNinU
clea.djurkovic@edu.tbz.ch;0RqF2ntT
rachele.reburn@edu.tbz.ch;HeArYeQ4
gerald.gowling@edu.tbz.ch;412hj2BS
